lib_id,organ
YS_BGY_1_I,Intestine
YS_BGY_1_K,Kidney
YS_BGY_2_I,Intestine
YS_BGY_2_S,Spleen
YS_CBLT_1_K,Kidney
YS_CC_1_G,Gill
YS_CC_1_K,Kidney
YS_CC_1_P,Skin
YS_CC_1_S,Spleen
YS_CC_2_I,Intestine
YS_CC_3_I,Intestine
YS_CC_3_K,Kidney
YS_CHLT_3_H,Liver
YS_CHLT_3_I,Intestine
YS_CHLT_3_K,Kidney
YS_CHLT_3_S,Spleen
YS_CTSZ_1_B,Brain
YS_CTSZ_1_K,Kidney
YS_CTSZ_1_S,Spleen
YS_CTSZ_2_H,Liver
YS_CTSZ_2_K,Kidney
YS_CTSZ_2_P,Skin
YS_CTSZ_2_S,Spleen
YS_CTSZ_3_B,Brain
YS_CTSZ_3_G,Gill
YS_CTSZ_3_I,Intestine
YS_CTSZ_3_K,Kidney
YS_CTSZ_3_P,Skin
YS_CTSZ_3_S,Spleen
YS_DHY_2_B,Brain
YS_DHY_2_G,Gill
YS_DLLY_1_B,Brain
YS_DSLT_2_I,Intestine
YS_DSLT_2_K,Kidney
YS_DSLT_2_M,Muscles
YS_DSLT_2_P,Skin
YS_DSLT_2_S,Spleen
YS_DSLT_3_P,Skin
YS_DZTT_1_P,Skin
YS_HBSZ_2_H,Liver
YS_HBSZ_2_I,Intestine
YS_HBSZ_2_K,Kidney
YS_HBSZ_3_I,Intestine
YS_HJ_3_P,Skin
YS_HKL_1_I,Intestine
YS_HKL_1_P,Skin
YS_HKL_2_I,Intestine
YS_HM_1_G,Gill
YS_HM_1_K,Kidney
YS_HM_1_M,Muscles
YS_HM_1_P,Skin
YS_HM_2_B,Brain
YS_HM_2_G,Gill
YS_HM_2_M,Muscles
YS_HM_2_P,Skin
YS_HM_2_S,Spleen
YS_HM_3_G,Gill
YS_HM_3_M,Muscles
YS_HM_3_P,Skin
YS_HM_4_G,Gill
YS_HM_4_H,Liver
YS_HM_4_I,Intestine
YS_HM_4_K,Kidney
YS_HM_4_M,Muscles
YS_HM_4_P,Skin
YS_HM_4_S,Spleen
YS_HSLT_1_P,Skin
YS_HSLT_3_P,Skin
YS_JSXSD_1_P,Skin
YS_JSXSD_2_H,Liver
YS_JSXSD_2_I,Intestine
YS_JSXSD_2_K,Kidney
YS_JSXSD_2_M,Muscles
YS_JSXSD_2_P,Skin
YS_JSXSD_2_S,Spleen
YS_JSXSD_3_P,Skin
YS_JTZCS_1_G,Gill
YS_JTZCS_1_H,Liver
YS_JTZCS_1_I,Intestine
YS_JTZCS_1_K,Kidney
YS_JTZCS_1_M,Muscles
YS_JTZCS_1_P,Skin
YS_JTZCS_1_S,Spleen
YS_JXY_1_S,Spleen
YS_JXY_3_B,Brain
YS_JXY_3_G,Gill
YS_JXY_3_H,Liver
YS_JXY_3_I,Intestine
YS_JXY_3_K,Kidney
YS_JXY_3_M,Muscles
YS_JXY_3_S,Spleen
YS_JZH_2_H,Liver
YS_LBYKF_1_H,Liver
YS_LBYKF_2_I,Intestine
YS_LBYKF_3_H,Liver
YS_LTY_1_B,Brain
YS_LTY_1_G,Gill
YS_LTY_1_H,Liver
YS_LTY_1_I,Intestine
YS_LTY_1_K,Kidney
YS_LTY_1_M,Muscles
YS_LTY_1_P,Skin
YS_LTY_1_S,Spleen
YS_LTY_2_H,Liver
YS_LTY_2_I,Intestine
YS_LTY_3_B,Brain
YS_LTY_3_G,Gill
YS_LTY_3_H,Liver
YS_LTY_3_I,Intestine
YS_LTY_3_K,Kidney
YS_LTY_3_M,Muscles
YS_LTY_3_P,Skin
YS_LTY_3_S,Spleen
YS_LY_2_I,Intestine
YS_LYS_3_S,Spleen
YS_LYXHY_1_K,Kidney
YS_LYXHY_1_M,Muscles
YS_LYXHY_1_P,Skin
YS_LYXHY_1_S,Spleen
YS_LYXHY_2_H,Liver
YS_LYXHY_2_P,Skin
YS_LYXHY_2_S,Spleen
YS_LYXHY_3_B,Brain
YS_LYXHY_3_G,Gill
YS_LYXHY_3_H,Liver
YS_LYXHY_3_I,Intestine
YS_LYXHY_3_K,Kidney
YS_LYXHY_3_M,Muscles
YS_LYXHY_3_P,Skin
YS_LYXHY_3_S,Spleen
YS_LZMB_1_H,Liver
YS_LZMB_1_I,Intestine
YS_LZMB_1_K,Kidney
YS_LZMB_1_M,Muscles
YS_LZMB_1_P,Skin
YS_LZMB_3_I,Intestine
YS_LZY_1_S,Spleen
YS_LZY_2_I,Intestine
YS_LZY_2_S,Spleen
YS_MSXX_1_B,Brain
YS_MSXX_1_G,Gill
YS_MSXX_1_H,Liver
YS_MSXX_1_I,Intestine
YS_MSXX_1_M,Muscles
YS_MSXX_1_P,Skin
YS_MSXX_1_S,Spleen
YS_MSXX_2_B,Brain
YS_MSXX_2_G,Gill
YS_MSXX_2_H,Liver
YS_MSXX_2_I,Intestine
YS_MSXX_2_K,Kidney
YS_MSXX_2_P,Skin
YS_MSXX_3_B,Brain
YS_MSXX_3_G,Gill
YS_MSXX_3_H,Liver
YS_MSXX_3_I,Intestine
YS_MSXX_3_K,Kidney
YS_MSXX_3_M,Muscles
YS_MSXX_3_P,Skin
YS_MSXX_3_S,Spleen
YS_PSJGY_1_G,Gill
YS_PSJGY_1_H,Liver
YS_PSJGY_1_K,Kidney
YS_PSJGY_1_M,Muscles
YS_PSJGY_1_P,Skin
YS_PSJGY_1_S,Spleen
YS_QLXSD_1_I,Intestine
YS_QLXSD_3_I,Intestine
YS_QXDDY_1_I,Intestine
YS_QXDDY_1_S,Spleen
YS_QXDDY_2_I,Intestine
YS_QXDDY_3_B,Brain
YS_QXDDY_3_G,Gill
YS_QXDDY_3_H,Liver
YS_QXDDY_3_K,Kidney
YS_QXDDY_3_M,Muscles
YS_QXDDY_3_P,Skin
YS_QXDDY_3_S,Spleen
YS_RBJXY_1_I,Intestine
YS_RWXLT_1_G,Gill
YS_RWXLT_1_I,Intestine
YS_RWXLT_1_P,Skin
YS_RWXLT_1_S,Spleen
YS_RWXLT_2_B,Brain
YS_RWXLT_2_I,Intestine
YS_RWXLT_2_P,Skin
YS_RWXLT_2_S,Spleen
YS_RWXLT_3_I,Intestine
YS_RWXLT_3_S,Spleen
YS_SDYY_1_G,Gill
YS_SDYY_1_I,Intestine
YS_SDYY_1_K,Kidney
YS_SDYY_1_S,Spleen
YS_SDYY_2_I,Intestine
YS_SQHN_1_G,Gill
YS_SQHN_1_H,Liver
YS_SQHN_1_I,Intestine
YS_SQHN_1_P,Skin
YS_SQHN_2_B,Brain
YS_SQHN_2_H,Liver
YS_SQHN_2_I,Intestine
YS_SQHN_2_K,Kidney
YS_SQHN_2_M,Muscles
YS_SQHN_2_S,Spleen
YS_SZMB_1_G,Gill
YS_SZMB_1_I,Intestine
YS_SZMB_1_K,Kidney
YS_SZMB_1_S,Spleen
YS_Y_1_B,Brain
YS_Y_2_H,Liver
YS_Y_2_M,Muscles
YS_Y_2_S,Spleen
YS_Z_1_P,Skin
YS_Z_2_M,Muscles
YS_ZBTTT_1_I,Intestine
YS_ZBTTT_1_P,Skin
YS_ZBTTT_1_S,Spleen
YS_ZBTTT_3_I,Intestine
YS_ZBTTT_3_K,Kidney
