"Pathogen","Sample","RPM","Classification"
"Polydactylus sextarius picornavirus","YS-LZMB-1",888.459941682,"RNA virus"
"Wenzhou pacific spadenose shark reovirus 2","YS-JTZCS-1",190.994086712,"RNA virus"
"Bregmaceros mcclellandi picornavirus","YS-MSXX-3",146.3644565,"RNA virus"
"Nanhai paramyxovirus 2","YS-CC-3",98.95624699,"RNA virus"
"Johnius belangerii hepacivirus","YS-PSJGY-1",98.359796721,"RNA virus"
"Micropterus salmoides reovirus","YS-CHLT-3",89.543969974,"RNA virus"
"Toxocara sp. LYS","YS-LYS-3",56.91000595,"Eukaryota"
"Nanhai astrovirus LZMB","YS-LZMB-3",46.85670635,"RNA virus"
"Nanhai papillomavirus ZBTTT","YS-ZBTTT-1",33.784144671,"DNA virus"
"Nanhai parvovirus LTY1","YS-LTY-1",32.992962236,"DNA virus"
"Psenopsis anomala artervirus","YS-CC-1",29.0580279,"RNA virus"
"Nanhai paramyxovirus 1","YS-CBLT-1",23.44087083,"RNA virus"
"Nanhai circo-like virus 2","YS-CTSZ-3",19.534856705,"DNA virus"
"Wenzhou pacific spadenose shark astrovirus 2","YS-JTZCS-1",15.92392214,"RNA virus"
"Nanhai hepadna-like virus 1","YS-DZTT-1",9.478248646,"DNA virus"
"Taeniidae sp. LZY","YS-HBSZ-2",9.097684226,"Eukaryota"
"Telatrygon zugei hepacivirus","YS-JZH-2",8.640509703,"RNA virus"
"Sarcocystidae sp. SZMB","YS-SZMB-1",7.58665266,"Eukaryota"
"Pseudomonas aeruginosa","YS-HBSZ-2",5.26856028229636,"Bacteria"
"Eimeria sp. SZMB","YS-SZMB-1",4.878736848,"Eukaryota"
"Nanhai reo-like virus 1","YS-CTSZ-2",4.676004451,"RNA virus"
"Osteomugil cunnesius hepadna-like virus","YS-Z-1",4.471772337,"DNA virus"
"Cystoisospora_sp._DSLT-2","YS-DSLT-2",3.862580862,"Eukaryota"
"Toxoplasma sp. LZY","YS-SZMB-1",3.407034189,"Eukaryota"
"Toxocaridae sp. Z","YS-Z-2",2.386423846,"Eukaryota"
"Besnoitia sp. HKL","YS-HKL-1",2.134007357,"Eukaryota"
"Lepeophtheirus sp. SQHN","YS-SQHN-1",2.05640055529669,"Eukaryota"
"Photobacterium swingsii","YS-RWXLT-3",1.985962972,"Bacteria"
"Eimeriorina sp. RWXLT","YS-RWXLT-3",1.781480045,"Eukaryota"
"Nanhai filovirus 3","YS-DSLT-2",1.712438238,"RNA virus"
"Psenopsis anomala picornavirus","YS-CC-3",1.561549497,"RNA virus"
"Nanhai papillomavirus HM","YS-HM-1",1.538723882,"DNA virus"
"Opisthorchiidae sp. SZMB","YS-SZMB-1",1.240796743,"Eukaryota"
"Sarcocystidae sp. DSLT","YS-DSLT-2",1.18326763,"Eukaryota"
"Clostridium sp. SQHN","YS-SQHN-1",1.162309146,"Bacteria"
"Pseudoloma sp. FJ","YS-RWXLT-2",1.062634002,"Eukaryota"
"Nanhai filovirus 2","YS-DHY-2",0.634575993,"RNA virus"
"Nanhai rhabdovirus 1","YS-LZMB-3",0.354545296,"RNA virus"
"Nanhai amnoonvirus 1","YS-DLLY-1",0.16062127,"RNA virus"
"Bombay duck fish bornavirus","YS-LTY-3",809.59063465,"RNA virus"
"Bombay duck fish bornavirus","YS-LTY-1",4766.4064699,"RNA virus"
"Nanhai reo-like virus 4","YS-JXY-3",4231.525576077,"RNA virus"
"Nanhai reo-like virus 4","YS-JXY-1",289.1167171,"RNA virus"
"Nanhai reo-like virus 2","YS-CTSZ-1",1284.09067073,"RNA virus"
"Nanhai reo-like virus 2","YS-CTSZ-2",1345.109339667,"RNA virus"
"Nanhai reo-like virus 7","YS-LYXHY-1",24.536209526,"RNA virus"
"Nanhai reo-like virus 7","YS-LYXHY-3",2167.235718622,"RNA virus"
"Odontamblyopus rubicundus hepacivirus","YS-LYXHY-2",287.873939865,"RNA virus"
"Odontamblyopus rubicundus hepacivirus","YS-LYXHY-3",476.13576449,"RNA virus"
"Nanhai retrovirus 2","YS-QXDDY-3",239.657571006,"RNA virus"
"Nanhai retrovirus 2","YS-QXDDY-2",1.162927135,"RNA virus"
"Glugea plecoglossi","YS-JSXSD-2",103.038103777,"Eukaryota"
"Glugea plecoglossi","YS-JSXSD-3",1.097242994,"Eukaryota"
"Marble sleepy goby iridovirus","YS-LZY-1",24.9225628,"DNA virus"
"Marble sleepy goby iridovirus","YS-LZY-2",40.2309134,"DNA virus"
"Arius arius calicivirus","YS-SQHN-2",43.335984077,"RNA virus"
"Arius arius calicivirus","YS-SQHN-1",6.146632262,"RNA virus"
"Leiognathus ruconius picornavirus","YS-LBYKF-3",26.50888192,"RNA virus"
"Leiognathus ruconius picornavirus","YS-LBYKF-1",6.653213008,"RNA virus"
"Paramonacanthus sulcatus filovirus","YS-ZBTTT-3",2.35688469,"RNA virus"
"Paramonacanthus sulcatus filovirus","YS-RWXLT-1",14.61741959,"RNA virus"
"Caligus sp. RWXLT","YS-RWXLT-1",1.81359896540641,"Eukaryota"
"Caligus sp. RWXLT","YS-RWXLT-2",12.4040029168147,"Eukaryota"
"Photobacterium sp. QLXSD","YS-HKL-1",1.05258471,"Bacteria"
"Photobacterium sp. QLXSD","YS-HBSZ-2",3.084311603,"Bacteria"
"Nanhai retrovirus 1","YS-MSXX-1",291.012321941,"RNA virus"
"Nanhai retrovirus 1","YS-MSXX-2",163.803877334,"RNA virus"
"Nanhai retrovirus 1","YS-MSXX-3",282.93741918,"RNA virus"
"Photobacterium damselae","YS-Y-2",14.52063666,"Bacteria"
"Photobacterium damselae","YS-ZBTTT-3",1.195896024,"Bacteria"
"Photobacterium damselae","YS-RWXLT-3",5.304163195,"Bacteria"
"Acinetobacter johnsonii","YS-HKL-1",3.55145286010277,"Bacteria"
"Acinetobacter johnsonii","YS-DSLT-2",10.3798193086293,"Bacteria"
"Acinetobacter johnsonii","YS-RWXLT-1",2.31390212827714,"Bacteria"
"Hydatigera sp. SDYY","YS-SDYY-2",1.818533491,"Eukaryota"
"Hydatigera sp. SDYY","YS-SDYY-1",2.612226031,"Eukaryota"
"Hydatigera sp. SDYY","YS-QXDDY-2",3.35835967,"Eukaryota"
"Taeniidae sp. HBSZ","YS-HBSZ-3",1.886031544,"Eukaryota"
"Taeniidae sp. HBSZ","YS-DHY-2",2.160702625,"Eukaryota"
"Taeniidae sp. HBSZ","YS-SDYY-1",3.007589971,"Eukaryota"
"Clostridium sp. Y","YS-LY-2",2.756101081,"Bacteria"
"Clostridium sp. Y","YS-Y-1",1.532440302,"Bacteria"
"Clostridium sp. Y","YS-Y-2",1.082823784,"Bacteria"
"Vibrio sp. Y","YS-HSLT-1",1.505211138,"Bacteria"
"Vibrio sp. Y","YS-HSLT-3",1.464509478,"Bacteria"
"Vibrio sp. Y","YS-RWXLT-2",1.758047081,"Bacteria"
"Asian seabass Nervous Necrosis Virus","YS-HJ-3",1.831828347,"RNA virus"
"Asian seabass Nervous Necrosis Virus","YS-JSXSD-1",1.382806351,"RNA virus"
"Asian seabass Nervous Necrosis Virus","YS-CTSZ-1",0.534122431,"RNA virus"
"Gymnothorax reevesii picornavirus","YS-HM-4",581.605142993,"RNA virus"
"Gymnothorax reevesii picornavirus","YS-HM-2",150.912684449,"RNA virus"
"Gymnothorax reevesii picornavirus","YS-HM-3",124.239354805,"RNA virus"
"Gymnothorax reevesii picornavirus","YS-HM-1",19.96790222,"RNA virus"
"Taeniidae sp. QLXSDD","YS-LZY-2",1.980423402,"Eukaryota"
"Taeniidae sp. QLXSDD","YS-SDYY-2",5.684965056,"Eukaryota"
"Taeniidae sp. QLXSDD","YS-SDYY-1",9.841738074,"Eukaryota"
"Taeniidae sp. QLXSDD","YS-QXDDY-2",8.83607253,"Eukaryota"
"Nanhai reo-like virus 5","YS-CTSZ-1",45.94576461,"RNA virus"
"Nanhai reo-like virus 5","YS-SDYY-1",15.298893839,"RNA virus"
"Nanhai reo-like virus 5","YS-CTSZ-2",2.583222905,"RNA virus"
"Nanhai reo-like virus 5","YS-RWXLT-1",26.190329774,"RNA virus"
"Nanhai reo-like virus 5","YS-RWXLT-2",4.607229167,"RNA virus"
"Nanhai reo-like virus 6","YS-CTSZ-3",3.855969055,"RNA virus"
"Nanhai reo-like virus 6","YS-CTSZ-1",3.140326663,"RNA virus"
"Nanhai reo-like virus 6","YS-CTSZ-2",8.829205818,"RNA virus"
"Nanhai reo-like virus 6","YS-RWXLT-1",3.136497814,"RNA virus"
"Nanhai reo-like virus 6","YS-RWXLT-2",3.000761102,"RNA virus"
"Aliivibrio fischeri","YS-RBJXY-1",1.453424224,"Bacteria"
"Aliivibrio fischeri","YS-HSLT-1",4.013896368,"Bacteria"
"Aliivibrio fischeri","YS-HSLT-3",1.988649712,"Bacteria"
"Aliivibrio fischeri","YS-ZBTTT-3",2.314637466,"Bacteria"
"Aliivibrio fischeri","YS-RWXLT-2",4.92942613,"Bacteria"
"Vibrio ponticus","YS-LBYKF-2",1.056071791,"Bacteria"
"Vibrio ponticus","YS-ZBTTT-1",12.473568277,"Bacteria"
"Vibrio ponticus","YS-SQHN-2",2.494855365,"Bacteria"
"Vibrio ponticus","YS-HSLT-1",3.997711302,"Bacteria"
"Vibrio ponticus","YS-HSLT-3",1.156191693,"Bacteria"
"Vibrio ponticus","YS-ZBTTT-3",2.816142251,"Bacteria"
"Vibrio ponticus","YS-RWXLT-3",3.837153106,"Bacteria"
"Vibrio ponticus","YS-RWXLT-2",26.253553611,"Bacteria"
"Photobacterium sp.","YS-QLXSD-3",2.702156865,"Bacteria"
"Photobacterium sp.","YS-DSLT-3",1.608124087,"Bacteria"
"Photobacterium sp.","YS-HKL-2",1.071833613,"Bacteria"
"Photobacterium sp.","YS-QLXSD-1",1.021428867,"Bacteria"
"Photobacterium sp.","YS-QXDDY-3",5.660700145,"Bacteria"
"Photobacterium sp.","YS-HKL-1",4.037311215,"Bacteria"
"Photobacterium sp.","YS-HBSZ-2",2.421909111,"Bacteria"
"Photobacterium sp.","YS-QXDDY-2",4.673445496,"Bacteria"
"Toxocara sp. CTSZ","YS-QXDDY-1",194.46415536,"Eukaryota"
"Toxocara sp. CTSZ","YS-BGY-2",65.88998327,"Eukaryota"
"Toxocara sp. CTSZ","YS-LTY-2",37.100606105,"Eukaryota"
"Toxocara sp. CTSZ","YS-BGY-1",17.70900126,"Eukaryota"
"Toxocara sp. CTSZ","YS-CC-2",10.70757265,"Eukaryota"
"Toxocara sp. CTSZ","YS-LZMB-1",25.542672909,"Eukaryota"
"Toxocara sp. CTSZ","YS-LTY-3",40.525632256,"Eukaryota"
"Toxocara sp. CTSZ","YS-LYS-3",10.58621953,"Eukaryota"
"Toxocara sp. CTSZ","YS-LTY-1",18.77040603,"Eukaryota"
"Toxocara sp. CTSZ","YS-QXDDY-3",532.1397469,"Eukaryota"
"Toxocara sp. CTSZ","YS-CC-3",9.316807923,"Eukaryota"
"Toxocara sp. CTSZ","YS-LZMB-3",50.60070468,"Eukaryota"
"Toxocara sp. CTSZ","YS-CTSZ-3",8.97189129,"Eukaryota"
"Toxocara sp. CTSZ","YS-CTSZ-2",7.664028001,"Eukaryota"
"Toxocara sp. CTSZ","YS-RWXLT-3",63.43395574,"Eukaryota"
"Toxocara sp. CTSZ","YS-DSLT-2",23.04784733,"Eukaryota"
"Toxocara sp. CTSZ","YS-HBSZ-2",18.287001847,"Eukaryota"
"Toxocara sp. CTSZ","YS-QXDDY-2",5.858109587,"Eukaryota"
"Toxocara sp. CTSZ","YS-RWXLT-1",3.315889802,"Eukaryota"
