original_id	display_species	family
YS-BGY-1-H_k79_18_flag1_multi23607.0000_len1568_Pennahia_macrocephalus	Pennahia macrocephala	Sciaenidae
YS-BJ-1-H_k39_105_flag1_multi10434.0000_len1561_Nematalosa_japonica	Nematalosa japonica	Clupeidae
YS-CC-1-H_k59_16_flag1_multi37307.0000_len1554_Psenopsis_anomala	Psenopsis anomala	Centrolophidae
YS-CHLT-3-H_k39_35_flag1_multi14420.0000_len1571_Thryssa_setirostris	Thryssa setirostris	Engraulidae
YS-CTSZ-2-H_k39_216_flag1_multi27088.0000_len1576_Saurida_elongata	Saurida elongata	Synodontidae
YS-DHY-2-P_k39_106_flag1_multi11193.0000_len1573_Ilisha_elongata	Ilisha elongata	Pristigasteridae
YS-DLLY-1-G_k59_18_flag1_multi5672.0000_len1235_Kumococius_rodericensis	Kumococius rodericensis	Platycephalidae
YS-DSLT-1-H_k59_15_flag1_multi47522.0000_len1572_Thryssa_kammalensis	Thryssa kammalensis	Engraulidae
YS-DSLT-5-H_k59_17_flag1_multi36926.0000_len1571_Thryssa_dussumileri	Thryssa dussumieri	Engraulidae
YS-DZTT-1-B_k39_167_flag1_multi29903.0000_len1563_Zebrias_zebrinus	Zebrias zebrinus	Soleidae
YS-FJ-2-H_k39_68_flag1_multi22913.0000_len1573_Coilia_mystus	Coilia mystus	Engraulidae
YS-HBSXST-3-K_k39_37_flag1_multi28250.0000_len1551_Cynoglossus_gracilis	Cynoglossus gracilis	Cynoglossidae
YS-HBSZ-1-B_k39_140_flag1_multi16179.0000_len1577_Saurida_undosquamis	Saurida undosquamis	Synodontidae
YS-HJ-6-H_k59_12_flag1_multi46405.0000_len1571_Setipinna_tenuifilis	Setipinna tenuifilis	Engraulidae
YS-HKL-3-H_k59_21_flag1_multi10547.0000_len1567_Ilisha_melastoma	Ilisha melastoma	Pristigasteridae
YS-HM-3-S_k99_18_flag1_multi11330.0000_len1587_Gymnothorax_reevesii	Gymnothorax reevesii	Muraenidae
YS-HSLT-3-B_k59_35_flag1_multi33456.0000_len1571_Thryssa_hamiltonii	Thryssa hamiltonii	Engraulidae
YS-HUAJI-1-H_k39_157_flag1_multi44331.0000_len1542_Clupanodon_thrissa	Clupanodon thrissa	Clupeidae
YS-HYH-2-B_k59_14_flag1_multi43413.0000_len1589_Otolithes_ruber	Otolithes ruber	Sciaenidae
YS-JSXSD-3-H_k59_5_flag1_multi26142.0000_len1578_Sardinella_lemuru	Sardinella lemuru	Clupeidae
YS-JTZCS-1-K_k141_7_flag1_multi11825.0000_len1557_Scoliodon_macrorhynchos	Scoliodon macrorhynchos	Carcharhinidae
YS-JXY-3-H_k59_11_flag1_multi21297.0000_len1581_Scatophagus_argus	Scatophagus argus	Scatophagidae
YS-JZH-1-B_k39_126_flag1_multi13148.2929_len1572_Telatrygon_zugei	Telatrygon zugei	Dasyatidae
YS-KSCDXGY-1-P_k141_25_flag1_multi64429.0000_len1564_Encrasicholina_punctifer	Encrasicholina punctifer	Engraulidae
YS-KSCDXGY-3-H_k39_74_flag1_multi56641.0000_len1560_Encrasicholina_heteroloba	Encrasicholina heteroloba	Engraulidae
YS-LBYKF-2-M_k39_66_flag1_multi23656.7051_len1541_Leiognathus_ruconius	Deveximentum ruconius	Leiognathidae
YS-LTY-3-H_k59_9_flag1_multi25931.0000_len1576_Harpadon_nehereus	Harpadon nehereus	Synodontidae
YS-LY-2-H_k59_24_flag1_multi24959.0000_len1585_Larimichthys_crocea	Larimichthys crocea	Sciaenidae
YS-LYS-2-H_k39_28_flag1_multi18535.8045_len1650_Decapterus_maruadsi	Decapterus maruadsi	Carangidae
YS-LYXHY-3-I_k59_7_flag1_multi9296.0000_len1586_Odontamblyopus_rubicundus	Odontamblyopus rubicundus	Gobiidae
YS-LZMB-3-H_k39_137_flag1_multi50507.0000_len1643_Polydactylus_sextarius	Polydactylus sextarius	Polynemidae
YS-LZY-2-B_k59_20_flag1_multi61965.0000_len1576_Siganus_canaliculatus	Siganus canaliculatus	Siganidae
YS-LZY-3-B_k39_116_flag1_multi53698.0000_len1679_Siganus_fuscescens	Siganus fuscescens	Siganidae
YS-MSXX-3-H_k59_1_flag1_multi15205.0000_len956_Bregmaceros_mcclellandi	Bregmaceros mcclellandi	Bregmacerotidae
YS-PSJGY-3-H_k59_15_flag1_multi11352.0000_len1572_Johnius_belangerii	Johnius belangerii	Sciaenidae
YS-QLXSD-1-B_k59_16_flag1_multi19869.0000_len1562_Sardinella_fijiensis	Sardinella fijiensis	Clupeidae
YS-QLXSD-3-H_k59_16_flag1_multi41440.0000_len1578_Sardinella_melanura	Sardinella melanura	Clupeidae
YS-QLXSDD-1-H_k59_6_flag1_multi36678.0000_len1586_Sardinella_zunasi	Sardinella zunasi	Clupeidae
YS-QXDDY-2-B_k79_21_flag1_multi24863.0000_len1220_Benthosema_pterotum	Benthosema pterotum	Myctophidae
YS-RBJXY-2-H_k79_5_flag1_multi8122.0000_len1161_Nemipterus_japonicus	Nemipterus japonicus	Nemipteridae
YS-RWXLT-2-H_k79_17_flag1_multi15186.0000_len1565_Paramonacanthus_sulcatus	Paramonacanthus sulcatus	Monacanthidae
YS-SDYY-1-H_k39_49_flag1_multi36817.4411_len1517_Lepturacanthus_savala	Lepturacanthus savala	Trichiuridae
YS-SLS-2-B_k59_18_flag1_multi31805.0000_len1563_Sillago_sihama	Sillago sihama	Sillaginidae
YS-SQHN-1-H_k99_9_flag1_multi28570.0000_len1639_Arius_arius	Arius arius	Ariidae
YS-SZMB-1-B_k39_505_flag1_multi62564.0000_len1599_Eleutheronema_tetradactylum	Eleutheronema tetradactylum	Polynemidae
YS-Y-1-M_k59_12_flag1_multi2808.0000_len999_Inegocia_japonica	Inegocia japonica	Platycephalidae
YS-YC-3-H_k39_119_flag1_multi11046.0000_len1581_Pampus_argenteus	Pampus argenteus	Stromateidae
YS-YSDD-3-G_k39_171_flag1_multi32511.0000_len1581_Lutjanus_johnii	Lutjanus johnii	Lutjanidae
YS-Z-1-B_k59_11_flag1_multi9894.0000_len1520_Moolgarda_cunnesius	Moolgarda cunnesius	Mugilidae
YS-ZBTTT-2-H_k39_161_flag1_multi24648.0000_len1579_Lagocephalus_spadiceus	Lagocephalus spadiceus	Tetraodontidae
YS-ZY-1-S_k59_15_flag1_multi2900.0000_len1634_Liza_carinata	Chelon carinatus	Mugilidae
GBMNF45013-22|Sardinella_aurita|COI-5P|MT272787	Sardinella aurita	Clupeidae
GBMIN119186-17|Sardinella_gibbosa|COI-5P|KR905705	Sardinella gibbosa	Clupeidae
ANGBF41346-19|Psenopsis_cyanea|COI-5P|KR105837	Psenopsis cyanea	Centrolophidae
GBMNF48242-22|Pampus_chinensis|COI-5P|MW421910	Pampus chinensis	Stromateidae
DSFIB720-16|Benthosema_glaciale|COI-5P	Benthosema glaciale	Myctophidae
GBMND27794-21|Pampus_minor|COI-5P|MK284296	Pampus minor	Stromateidae
PHILU005-18|Lutjanus_lutjanus|COI-5P|OQ387485	Lutjanus lutjanus	Lutjanidae
FOAO1350-18|Lutjanus_malabaricus|COI-5P	Lutjanus malabaricus	Lutjanidae
ANGBF39353-19|Eleutheronema_rhadinum|COI-5P|MG816132	Eleutheronema rhadinum	Polynemidae
GBMNE77705-22|Benthosema_glaciale|COI-5P|MW532745	Benthosema glaciale	Myctophidae
GBMIN121772-17|Nemipterus_hexodon|COI-5P|KY362819	Nemipterus hexodon	Nemipteridae
GBGCA4410-13|Nemipterus_bathybius|COI-5P|JQ681462	Nemipterus bathybius	Nemipteridae
GBMND65929-21|Encrasicholina_pseudoheteroloba|COI-5P|MT080451	Encrasicholina pseudoheteroloba	Engraulidae
IFBIO037-17|Paramonacanthus_frenatus|COI-5P|OL409626	Paramonacanthus frenatus	Monacanthidae
FIMOS322-24|Paramonacanthus_otisensis|COI-5P	Paramonacanthus otisensis	Monacanthidae
ANGBF52905-19|Moolgarda_perusii|COI-5P|LC484868	Moolgarda perusii	Mugilidae
ANGBF3855-12|Lepturacanthus_roelandti|COI-5P|JN990848	Lepturacanthus roelandti	Trichiuridae
GBMIN96174-17|Leiognathus_equulus|COI-5P|KX147300	Leiognathus equulus	Leiognathidae
GBMIN131800-17|Pennahia_anea|COI-5P|KY024209	Pennahia anea	Sciaenidae
ANGEN269-15|Nematalosa_nasus|COI-5P	Nematalosa nasus	Clupeidae
GBMNA14461-19|Nematalosa_come|COI-5P|KC466693	Nematalosa come	Clupeidae
ANGBF50498-19|Thryssa_polybranchialis|COI-5P|MK962527	Thryssa polybranchialis	Engraulidae
GBMNF45153-22|Thryssa_vitrirostris|COI-5P|ON197104	Thryssa vitrirostris	Engraulidae
ANGBF30572-19|Otolithes_cuvieri|COI-5P|EF534117	Otolithes cuvieri	Sciaenidae
GBMNE77934-22|Sardinella_longiceps|COI-5P|MZ303728	Sardinella longiceps	Clupeidae
CLUIR021-16|Sardinella_sindensis|COI-5P|MG462820	Sardinella sindensis	Clupeidae
GBMND65885-21|Thryssa_mystax|COI-5P|MT080458	Thryssa mystax	Engraulidae
ANGBF1018-12|Thryssa_adelae|COI-5P|HM180924	Thryssa adelae	Engraulidae
GBMNE36152-21|Saurida_brasiliensis|COI-5P|MT580050	Saurida brasiliensis	Synodontidae
PHILA1814-16|Saurida_longimanus|COI-5P|OQ385517	Saurida longimanus	Synodontidae
ANGBF30335-19|Larimichthys_polyactis|COI-3P|KY623587	Larimichthys polyactis	Sciaenidae
BAHIA136-14|Decapterus_punctatus|COI-5P	Decapterus punctatus	Carangidae
TZSAN146-06|Decapterus_russelli|COI-5P	Decapterus russelli	Carangidae
ANGBF54216-19|Ilisha_filigera|COI-5P|MH325637	Ilisha filigera	Pristigasteridae
ANGBF15191-19|Odontamblyopus_lacepedii|COI-5P|MF415097	Odontamblyopus lacepedii	Gobiidae
TOCAN287-23|Ilisha_amazonica|COI-5P|OR732973	Ilisha amazonica	Pristigasteridae
GBMIN128120-17|Sillago_indica|COI-5P|KM350230	Sillago indica	Sillaginidae
FMVIC558-08|Sillago_flindersi|COI-5P	Sillago flindersi	Sillaginidae
BPC005-13|Arius_dispar|COI-5P|KF604631	Arius dispar	Ariidae
SRFBI025-11|Opsarius_bendelisis|COI-5P|JN965194	Opsarius bendelisis	Danionidae
TZMSB236-04|Polydactylus_malagasyensis|COI-5P|JF494201	Polydactylus malagasyensis	Polynemidae
FOAQ864-22|Polydactylus_plebeius|COI-5P	Polydactylus plebeius	Polynemidae
ANGBF40501-19|Siganus_javus|COI-5P|LC071535	Siganus javus	Siganidae
TZMSC618-06|Lagocephalus_inermis|COI-5P|JF493725	Lagocephalus inermis	Tetraodontidae
GBMNB10821-20|Lagocephalus_guentheri|COI-5P|MN586893	Lagocephalus guentheri	Tetraodontidae
ANGBF5180-12|Chelon_auratus|COI-5P|JQ060456	Chelon auratus	Mugilidae
DPND757-15|Bregmaceros_atlanticus|COI-5P	Bregmaceros atlanticus	Bregmacerotidae
MOP156-12|Bregmaceros_bathymaster|COI-5P|MF956547	Bregmaceros bathymaster	Bregmacerotidae
GBMIN96582-17|Johnius_carouna|COI-5P|KX777955	Johnius carouna	Sciaenidae
GBMIN121293-17|Johnius_borneensis|COI-5P|KX777949	Johnius borneensis	Sciaenidae
GBMNE55273-22|Scoliodon_laticaudus|COI-5P|MW974676	Scoliodon laticaudus	Carcharhinidae
GBGC11850-13|Telatrygon_acutirostra|COI-5P|JQ681477	Telatrygon acutirostra	Dasyatidae
ANGBF12124-15|Glyphis_glyphis|COI-5P|KM100698	Glyphis glyphis	Carcharhinidae
GBGC16865-19|Glyphis_gangeticus|COI-5P|MH244901	Glyphis gangeticus	Carcharhinidae
ESHKD038-07|Negaprion_brevirostris|COI-5P|FJ519226	Negaprion brevirostris	Carcharhinidae
FOAE161-06|Negaprion_acutidens|COI-5P|EU398936	Negaprion acutidens	Carcharhinidae
GBMNE55774-22|Sphyrna_lewini|COI-5P|ON920236	Sphyrna lewini	Carcharhinidae
ANGBF12584-15|Sphyrna_zygaena|COI-5P|KP177226	Sphyrna zygaena	Carcharhinidae
GBMNF42712-22|Sphyrna_corona|COI-5P|MW714794	Sphyrna corona	Carcharhinidae
FOAL373-10|Bathytoshia_lata|COI-5P|HQ956136	Bathytoshia lata	Dasyatidae
FOAO1157-18|Taeniurops_meyeni|COI-5P	Taeniurops meyeni	Dasyatidae
ANGBF48175-19|Neotrygon_kuhlii|COI-5P|KU498022	Neotrygon kuhlii	Dasyatidae
FOA208-04|Neotrygon_australiae|COI-5P|DQ108184	Neotrygon australiae	Dasyatidae
FOAH748-08|Neotrygon_picta|COI-5P|KC250641	Neotrygon picta	Dasyatidae
SOPNG108-18|Galeocerdo_cuvier|COI-5P	Galeocerdo cuvier	Carcharhinidae
ANGBF47905-19|Bathytoshia_centroura|COI-5P|KY909378	Bathytoshia centroura	Dasyatidae
FOAE310-06|Carcharhinus_amblyrhynchos|COI-5P|EU398596	Carcharhinus amblyrhynchos	Carcharhinidae
JTF028-17|Carcharhinus_brevipinna|COI-5P	Carcharhinus brevipinna	Carcharhinidae
ANGBF12903-18|Carcharhinus_falciformis|COI-5P|KX789508	Carcharhinus falciformis	Carcharhinidae
GBMNE55517-22|Brevitrygon_walga|COI-5P|OP419576	Brevitrygon walga	Dasyatidae
GBMNE55139-22|Brevitrygon_imbricata|COI-5P|MT308601	Brevitrygon imbricata	Dasyatidae
SOPNG020-18|Loxodon_macrorhinus|COI-5P	Loxodon macrorhinus	Carcharhinidae
MXV519-12|Hypanus_americanus|COI-5P	Hypanus americanus	Dasyatidae
ANGBF2033-12|Hypanus_dipterurus|COI-5P|JN184058	Hypanus dipterurus	Dasyatidae
KERRI370-08|Lamiopsis_temminckii|COI-5P	Lamiopsis temminckii	Carcharhinidae
GBGC12833-13|Himantura_gerrardi|COI-5P|JX263424	Himantura gerrardi	Dasyatidae
ANGBF48814-19|Lamiopsis_tephrodes|COI-5P|MG594058	Lamiopsis tephrodes	Carcharhinidae
IRREK187-08|Himantura_jenkinsii|COI-5P	Himantura jenkinsii	Dasyatidae
FOAE155-06|Triaenodon_obesus|COI-5P|EU399060	Triaenodon obesus	Carcharhinidae
SOPNG001-18|Rhizoprionodon_taylori|COI-5P	Rhizoprionodon taylori	Carcharhinidae
JTF016-17|Rhizoprionodon_acutus|COI-5P	Rhizoprionodon acutus	Carcharhinidae
JTFR192-20|Fluvitrygon_kittipongi|COI-5P	Fluvitrygon kittipongi	Dasyatidae
MFSP2008-11|Rhizoprionodon_lalandii|COI-5P|JQ365528	Rhizoprionodon lalandii	Carcharhinidae
ANGBF49231-19|Rhizoprionodon_porosus|COI-5P|MH911018	Rhizoprionodon porosus	Carcharhinidae
BIM343-13|Dasyatis_pastinaca|COI-5P	Dasyatis pastinaca	Dasyatidae
MFSP1985-11|Dasyatis_hypostigma|COI-5P|JX124771	Dasyatis hypostigma	Dasyatidae
KERRI308-08|Isogomphodon_oxyrhynchus|COI-5P	Isogomphodon oxyrhynchus	Carcharhinidae
ANGBF12236-15|Prionace_glauca|COI-5P|KP719438	Prionace glauca	Carcharhinidae
Lethenteron_camtschaticum_KU867905.1	Lethenteron camtschaticum	Petromyzontidae
