"lib_index","abundance_RPM","individual_id","tissue_types","log10_RPM_plus_1"
"YS-BGY-1-I",16.0757305,"YS-BGY-1","Intestine",1.23237929187526
"YS-BGY-2-I",11.82698939,"YS-BGY-2","Intestine",1.10812473550679
"YS-BGY-3-I",0,"YS-BGY-3","Intestine",0
"YS-BJ-1-I",0,"YS-BJ-1","Intestine",0
"YS-BJ-2-I",0,"YS-BJ-2","Intestine",0
"YS-BJ-3-I",0,"YS-BJ-3","Intestine",0
"YS-CBLT-1-I",0,"YS-CBLT-1","Intestine",0
"YS-CBLT-2-I",0,"YS-CBLT-2","Intestine",0
"YS-CBLT-3-I",0,"YS-CBLT-3","Intestine",0
"YS-CC-1-I",0,"YS-CC-1","Intestine",0
"YS-CC-2-I",10.70757265,"YS-CC-2","Intestine",1.0684668614271
"YS-CC-3-I",10.87835742,"YS-CC-3","Intestine",1.07475638906681
"YS-CHLT-1-I",0,"YS-CHLT-1","Intestine",0
"YS-CHLT-2-I",0,"YS-CHLT-2","Intestine",0
"YS-CHLT-3-I",4.852144406,"YS-CHLT-3","Intestine",0.767315034123673
"YS-CTSZ-1-I",0,"YS-CTSZ-1","Intestine",0
"YS-CTSZ-2-I",0,"YS-CTSZ-2","Intestine",0
"YS-CTSZ-3-I",1.806629474,"YS-CTSZ-3","Intestine",0.448185081669444
"YS-DHY-1-I",0,"YS-DHY-1","Intestine",0
"YS-DHY-2-I",0,"YS-DHY-2","Intestine",0
"YS-DLLY-1-I",0,"YS-DLLY-1","Intestine",0
"YS-DSLT-1-I",0,"YS-DSLT-1","Intestine",0
"YS-DSLT-2-I",1.18326763,"YS-DSLT-2","Intestine",0.339106975795266
"YS-DSLT-3-I",0,"YS-DSLT-3","Intestine",0
"YS-DZTT-1-I",0,"YS-DZTT-1","Intestine",0
"YS-HBSZ-1-I",0,"YS-HBSZ-1","Intestine",0
"YS-HBSZ-2-I",26.17524847,"YS-HBSZ-2","Intestine",1.43417352363806
"YS-HBSZ-3-I",1.886031544,"YS-HBSZ-3","Intestine",0.460301073573231
"YS-HJ-1-I",0,"YS-HJ-1","Intestine",0
"YS-HJ-2-I",0,"YS-HJ-2","Intestine",0
"YS-HJ-3-I",0,"YS-HJ-3","Intestine",0
"YS-HJ-4-I",0,"YS-HJ-4","Intestine",0
"YS-HJ-5-I",0,"YS-HJ-5","Intestine",0
"YS-HJ-6-I",0,"YS-HJ-6","Intestine",0
"YS-HKL-1-I",7.223903282,"YS-HKL-1","Intestine",0.915077994119501
"YS-HKL-2-I",1.071833613,"YS-HKL-2","Intestine",0.316354874694099
"YS-HKL-3-I",0,"YS-HKL-3","Intestine",0
"YS-HM-1-I",0,"YS-HM-1","Intestine",0
"YS-HM-2-I",0,"YS-HM-2","Intestine",0
"YS-HM-3-I",0,"YS-HM-3","Intestine",0
"YS-HM-4-I",2.320538466,"YS-HM-4","Intestine",0.521208515586692
"YS-HSLT-1-I",0,"YS-HSLT-1","Intestine",0
"YS-HSLT-2-I",0,"YS-HSLT-2","Intestine",0
"YS-HSLT-3-I",0,"YS-HSLT-3","Intestine",0
"YS-JSXSD-1-I",0,"YS-JSXSD-1","Intestine",0
"YS-JSXSD-2-I",45.07048289,"YS-JSXSD-2","Intestine",1.6634227643552
"YS-JSXSD-3-I",0,"YS-JSXSD-3","Intestine",0
"YS-JTZCS-1-I",23.420298954,"YS-JTZCS-1","Intestine",1.38775097628691
"YS-JXY-1-I",0,"YS-JXY-1","Intestine",0
"YS-JXY-2-I",0,"YS-JXY-2","Intestine",0
"YS-JXY-3-I",6.523218127,"YS-JXY-3","Intestine",0.876403653867457
"YS-JZH-1-I",0,"YS-JZH-1","Intestine",0
"YS-JZH-2-I",0,"YS-JZH-2","Intestine",0
"YS-JZH-3-I",0,"YS-JZH-3","Intestine",0
"YS-KSCDXGY-1-I",0,"YS-KSCDXGY-1","Intestine",0
"YS-KSCDXGY-2-I",0,"YS-KSCDXGY-2","Intestine",0
"YS-KSCDXGY-3-I",0,"YS-KSCDXGY-3","Intestine",0
"YS-LBYKF-1-I",0,"YS-LBYKF-1","Intestine",0
"YS-LBYKF-2-I",1.056071791,"YS-LBYKF-2","Intestine",0.313038274667023
"YS-LBYKF-3-I",0,"YS-LBYKF-3","Intestine",0
"YS-LTY-1-I",183.653526976,"YS-LTY-1","Intestine",2.26635760731105
"YS-LTY-2-I",31.54109606,"YS-LTY-2","Intestine",1.51243217689811
"YS-LTY-3-I",68.969732846,"YS-LTY-3","Intestine",1.84491021571964
"YS-LY-2-I",2.756101081,"YS-LY-2","Intestine",0.574737271115329
"YS-LY-3-I",0,"YS-LY-3","Intestine",0
"YS-LYS-3-I",0,"YS-LYS-3","Intestine",0
"YS-LYXHY-1-I",0,"YS-LYXHY-1","Intestine",0
"YS-LYXHY-2-I",0,"YS-LYXHY-2","Intestine",0
"YS-LYXHY-3-I",10.609712601,"YS-LYXHY-3","Intestine",1.06482146889062
"YS-LZMB-1-I",15.57090346,"YS-LZMB-1","Intestine",1.2193461871759
"YS-LZMB-2-I",0,"YS-LZMB-2","Intestine",0
"YS-LZMB-3-I",97.811956326,"YS-LZMB-3","Intestine",1.99480949774796
"YS-LZY-1-I",0,"YS-LZY-1","Intestine",0
"YS-LZY-2-I",1.980423402,"YS-LZY-2","Intestine",0.474277964777744
"YS-LZY-3-I",0,"YS-LZY-3","Intestine",0
"YS-MSXX-1-I",190.0773314,"YS-MSXX-1","Intestine",2.28120916726514
"YS-MSXX-2-I",20.15882667,"YS-MSXX-2","Intestine",1.32549158090224
"YS-MSXX-3-I",199.88172085,"YS-MSXX-3","Intestine",2.30294042009743
"YS-PSJGY-1-I",0,"YS-PSJGY-1","Intestine",0
"YS-PSJGY-2-I",0,"YS-PSJGY-2","Intestine",0
"YS-PSJGY-3-I",0,"YS-PSJGY-3","Intestine",0
"YS-QLXSD-1-I",1.021428867,"YS-QLXSD-1","Intestine",0.305658463348188
"YS-QLXSD-2-I",0,"YS-QLXSD-2","Intestine",0
"YS-QLXSD-3-I",2.702156865,"YS-QLXSD-3","Intestine",0.568454816405162
"YS-QXDDY-1-I",88.49325286,"YS-QXDDY-1","Intestine",1.95179029390667
"YS-QXDDY-2-I",23.888914418,"YS-QXDDY-2","Intestine",1.39600595436054
"YS-QXDDY-3-I",0,"YS-QXDDY-3","Intestine",0
"YS-RBJXY-1-I",1.453424224,"YS-RBJXY-1","Intestine",0.389772648986236
"YS-RBJXY-2-I",0,"YS-RBJXY-2","Intestine",0
"YS-RBJXY-3-I",0,"YS-RBJXY-3","Intestine",0
"YS-RWXLT-1-I",3.315889802,"YS-RWXLT-1","Intestine",0.635070347272621
"YS-RWXLT-2-I",29.576556781,"YS-RWXLT-2","Intestine",1.48538857802839
"YS-RWXLT-3-I",12.908759318,"YS-RWXLT-3","Intestine",1.1432883920066
"YS-SDYY-1-I",15.461554076,"YS-SDYY-1","Intestine",1.21647083298874
"YS-SDYY-2-I",7.503498547,"YS-SDYY-2","Intestine",0.929597641838392
"YS-SDYY-3-I",0,"YS-SDYY-3","Intestine",0
"YS-SLS-2-I",0,"YS-SLS-2","Intestine",0
"YS-SLS-3-I",0,"YS-SLS-3","Intestine",0
"YS-SQHN-1-I",1.162309146,"YS-SQHN-1","Intestine",0.334917785271232
"YS-SQHN-2-I",2.494855365,"YS-SQHN-2","Intestine",0.543429207125432
"YS-SQHN-3-I",0,"YS-SQHN-3","Intestine",0
"YS-SZMB-1-I",11.633256564,"YS-SZMB-1","Intestine",1.10151531615085
"YS-Y-1-I",0,"YS-Y-1","Intestine",0
"YS-Y-2-I",0,"YS-Y-2","Intestine",0
"YS-YC-3-I",0,"YS-YC-3","Intestine",0
"YS-Z-1-I",0,"YS-Z-1","Intestine",0
"YS-Z-2-I",0,"YS-Z-2","Intestine",0
"YS-Z-3-I",0,"YS-Z-3","Intestine",0
"YS-ZBTTT-1-I",41.568295674,"YS-ZBTTT-1","Intestine",1.62908626248171
"YS-ZBTTT-2-I",0,"YS-ZBTTT-2","Intestine",0
"YS-ZBTTT-3-I",6.326675741,"YS-ZBTTT-3","Intestine",0.864906971256406
"YS-ZY-1-I",0,"YS-ZY-1","Intestine",0
"YS-BGY-1-S",0,"YS-BGY-1","Spleen",0
"YS-BGY-2-S",54.06299388,"YS-BGY-2","Spleen",1.74085982111861
"YS-BGY-3-S",0,"YS-BGY-3","Spleen",0
"YS-BJ-1-S",0,"YS-BJ-1","Spleen",0
"YS-BJ-2-S",0,"YS-BJ-2","Spleen",0
"YS-BJ-3-S",0,"YS-BJ-3","Spleen",0
"YS-CBLT-1-S",0,"YS-CBLT-1","Spleen",0
"YS-CBLT-2-S",0,"YS-CBLT-2","Spleen",0
"YS-CBLT-3-S",0,"YS-CBLT-3","Spleen",0
"YS-CC-1-S",21.2256191,"YS-CC-1","Spleen",1.34685386718866
"YS-CC-2-S",0,"YS-CC-2","Spleen",0
"YS-CC-3-S",0,"YS-CC-3","Spleen",0
"YS-CHLT-1-S",0,"YS-CHLT-1","Spleen",0
"YS-CHLT-2-S",0,"YS-CHLT-2","Spleen",0
"YS-CHLT-3-S",6.632058168,"YS-CHLT-3","Spleen",0.882641671699335
"YS-CTSZ-1-S",1221.922872338,"YS-CTSZ-1","Spleen",3.08739906768693
"YS-CTSZ-2-S",1123.598617744,"YS-CTSZ-2","Spleen",3.05099754537779
"YS-CTSZ-3-S",11.55373051,"YS-CTSZ-3","Spleen",1.09877280144739
"YS-DHY-1-S",0,"YS-DHY-1","Spleen",0
"YS-DHY-2-S",0,"YS-DHY-2","Spleen",0
"YS-DLLY-1-S",0,"YS-DLLY-1","Spleen",0
"YS-DSLT-1-S",0,"YS-DSLT-1","Spleen",0
"YS-DSLT-2-S",3.862580862,"YS-DSLT-2","Spleen",0.686866836468139
"YS-DSLT-3-S",0,"YS-DSLT-3","Spleen",0
"YS-DZTT-1-S",0,"YS-DZTT-1","Spleen",0
"YS-HBSZ-1-S",0,"YS-HBSZ-1","Spleen",0
"YS-HBSZ-2-S",0,"YS-HBSZ-2","Spleen",0
"YS-HBSZ-3-S",0,"YS-HBSZ-3","Spleen",0
"YS-HJ-1-S",0,"YS-HJ-1","Spleen",0
"YS-HJ-2-S",0,"YS-HJ-2","Spleen",0
"YS-HJ-3-S",0,"YS-HJ-3","Spleen",0
"YS-HJ-4-S",0,"YS-HJ-4","Spleen",0
"YS-HJ-5-S",0,"YS-HJ-5","Spleen",0
"YS-HJ-6-S",0,"YS-HJ-6","Spleen",0
"YS-HKL-1-S",0,"YS-HKL-1","Spleen",0
"YS-HKL-2-S",0,"YS-HKL-2","Spleen",0
"YS-HKL-3-S",0,"YS-HKL-3","Spleen",0
"YS-HM-1-S",0,"YS-HM-1","Spleen",0
"YS-HM-2-S",1.881604731,"YS-HM-2","Spleen",0.459634408497913
"YS-HM-3-S",0,"YS-HM-3","Spleen",0
"YS-HM-4-S",1.785205073,"YS-HM-4","Spleen",0.444857177532517
"YS-HSLT-1-S",0,"YS-HSLT-1","Spleen",0
"YS-HSLT-2-S",0,"YS-HSLT-2","Spleen",0
"YS-HSLT-3-S",0,"YS-HSLT-3","Spleen",0
"YS-JSXSD-1-S",0,"YS-JSXSD-1","Spleen",0
"YS-JSXSD-2-S",8.407635977,"YS-JSXSD-2","Spleen",0.973480504284911
"YS-JSXSD-3-S",0,"YS-JSXSD-3","Spleen",0
"YS-JTZCS-1-S",75.04466406,"YS-JTZCS-1","Spleen",1.88106874566582
"YS-JXY-1-S",289.1167171,"YS-JXY-1","Spleen",2.46257275443213
"YS-JXY-2-S",0,"YS-JXY-2","Spleen",0
"YS-JXY-3-S",2210.059687,"YS-JXY-3","Spleen",3.34460046640724
"YS-JZH-1-S",0,"YS-JZH-1","Spleen",0
"YS-JZH-2-S",0,"YS-JZH-2","Spleen",0
"YS-JZH-3-S",0,"YS-JZH-3","Spleen",0
"YS-KSCDXGY-1-S",0,"YS-KSCDXGY-1","Spleen",0
"YS-KSCDXGY-2-S",0,"YS-KSCDXGY-2","Spleen",0
"YS-KSCDXGY-3-S",0,"YS-KSCDXGY-3","Spleen",0
"YS-LBYKF-1-S",0,"YS-LBYKF-1","Spleen",0
"YS-LBYKF-2-S",0,"YS-LBYKF-2","Spleen",0
"YS-LBYKF-3-S",0,"YS-LBYKF-3","Spleen",0
"YS-LTY-1-S",939.8172888,"YS-LTY-1","Spleen",2.97350528955843
"YS-LTY-2-S",0,"YS-LTY-2","Spleen",0
"YS-LTY-3-S",346.41995214,"YS-LTY-3","Spleen",2.54085475612456
"YS-LY-2-S",0,"YS-LY-2","Spleen",0
"YS-LY-3-S",0,"YS-LY-3","Spleen",0
"YS-LYS-3-S",67.49622548,"YS-LYS-3","Spleen",1.83566664012932
"YS-LYXHY-1-S",16.3416345,"YS-LYXHY-1","Spleen",1.23909002860021
"YS-LYXHY-2-S",3.75075657,"YS-LYXHY-2","Spleen",0.676762777627319
"YS-LYXHY-3-S",1700.07308551,"YS-LYXHY-3","Spleen",3.23072297319624
"YS-LZMB-1-S",0,"YS-LZMB-1","Spleen",0
"YS-LZMB-2-S",0,"YS-LZMB-2","Spleen",0
"YS-LZMB-3-S",0,"YS-LZMB-3","Spleen",0
"YS-LZY-1-S",24.9225628,"YS-LZY-1","Spleen",1.41367793527256
"YS-LZY-2-S",40.2309134,"YS-LZY-2","Spleen",1.61522295595551
"YS-LZY-3-S",0,"YS-LZY-3","Spleen",0
"YS-MSXX-1-S",2.427672554,"YS-MSXX-1","Spleen",0.534999327025
"YS-MSXX-2-S",0,"YS-MSXX-2","Spleen",0
"YS-MSXX-3-S",76.38505294,"YS-MSXX-3","Spleen",1.88865708403491
"YS-PSJGY-1-S",15.16915692,"YS-PSJGY-1","Spleen",1.20868737584102
"YS-PSJGY-2-S",0,"YS-PSJGY-2","Spleen",0
"YS-PSJGY-3-S",0,"YS-PSJGY-3","Spleen",0
"YS-QLXSD-1-S",0,"YS-QLXSD-1","Spleen",0
"YS-QLXSD-2-S",0,"YS-QLXSD-2","Spleen",0
"YS-QLXSD-3-S",0,"YS-QLXSD-3","Spleen",0
"YS-QXDDY-1-S",105.9709025,"YS-QXDDY-1","Spleen",2.02926565990735
"YS-QXDDY-2-S",0,"YS-QXDDY-2","Spleen",0
"YS-QXDDY-3-S",720.625087007,"YS-QXDDY-3","Spleen",2.85831162286998
"YS-RBJXY-1-S",0,"YS-RBJXY-1","Spleen",0
"YS-RBJXY-2-S",0,"YS-RBJXY-2","Spleen",0
"YS-RBJXY-3-S",0,"YS-RBJXY-3","Spleen",0
"YS-RWXLT-1-S",23.641008475,"YS-RWXLT-1","Spleen",1.39165847809324
"YS-RWXLT-2-S",7.607990269,"YS-RWXLT-2","Spleen",0.93490176736948
"YS-RWXLT-3-S",63.43395574,"YS-RWXLT-3","Spleen",1.80911479444301
"YS-SDYY-1-S",7.069477648,"YS-SDYY-1","Spleen",0.906845422958327
"YS-SDYY-2-S",0,"YS-SDYY-2","Spleen",0
"YS-SDYY-3-S",0,"YS-SDYY-3","Spleen",0
"YS-SLS-2-S",0,"YS-SLS-2","Spleen",0
"YS-SLS-3-S",0,"YS-SLS-3","Spleen",0
"YS-SQHN-1-S",0,"YS-SQHN-1","Spleen",0
"YS-SQHN-2-S",12.9326604,"YS-SQHN-2","Spleen",1.14403405157994
"YS-SQHN-3-S",0,"YS-SQHN-3","Spleen",0
"YS-SZMB-1-S",3.172680828,"YS-SZMB-1","Spleen",0.620415166418006
"YS-Y-1-S",0,"YS-Y-1","Spleen",0
"YS-Y-2-S",3.61101035,"YS-Y-2","Spleen",0.663796097049779
"YS-YC-3-S",0,"YS-YC-3","Spleen",0
"YS-Z-1-S",0,"YS-Z-1","Spleen",0
"YS-Z-2-S",0,"YS-Z-2","Spleen",0
"YS-Z-3-S",0,"YS-Z-3","Spleen",0
"YS-ZBTTT-1-S",1.503220441,"YS-ZBTTT-1","Spleen",0.398499096549634
"YS-ZBTTT-2-S",0,"YS-ZBTTT-2","Spleen",0
"YS-ZBTTT-3-S",0,"YS-ZBTTT-3","Spleen",0
"YS-ZY-1-S",0,"YS-ZY-1","Spleen",0
"YS-BGY-1-P",0,"YS-BGY-1","Skin",0
"YS-BGY-2-P",0,"YS-BGY-2","Skin",0
"YS-BGY-3-P",0,"YS-BGY-3","Skin",0
"YS-BJ-1-P",0,"YS-BJ-1","Skin",0
"YS-BJ-2-P",0,"YS-BJ-2","Skin",0
"YS-BJ-3-P",0,"YS-BJ-3","Skin",0
"YS-CBLT-1-P",0,"YS-CBLT-1","Skin",0
"YS-CBLT-2-P",0,"YS-CBLT-2","Skin",0
"YS-CBLT-3-P",0,"YS-CBLT-3","Skin",0
"YS-CC-1-P",1.536404091,"YS-CC-1","Skin",0.404218444994853
"YS-CC-2-P",0,"YS-CC-2","Skin",0
"YS-CC-3-P",0,"YS-CC-3","Skin",0
"YS-CHLT-1-P",0,"YS-CHLT-1","Skin",0
"YS-CHLT-2-P",0,"YS-CHLT-2","Skin",0
"YS-CHLT-3-P",0,"YS-CHLT-3","Skin",0
"YS-CTSZ-1-P",0,"YS-CTSZ-1","Skin",0
"YS-CTSZ-2-P",1.376623667,"YS-CTSZ-2","Skin",0.375960417620187
"YS-CTSZ-3-P",9.469024518,"YS-CTSZ-3","Skin",1.01990621690459
"YS-DHY-1-P",0,"YS-DHY-1","Skin",0
"YS-DHY-2-P",0,"YS-DHY-2","Skin",0
"YS-DLLY-1-P",0,"YS-DLLY-1","Skin",0
"YS-DSLT-1-P",0,"YS-DSLT-1","Skin",0
"YS-DSLT-2-P",10.3798193086293,"YS-DSLT-2","Skin",1.0561353662868
"YS-DSLT-3-P",1.608124087,"YS-DSLT-3","Skin",0.416328250026671
"YS-DZTT-1-P",9.478248646,"YS-DZTT-1","Skin",1.02028869992454
"YS-HBSZ-1-P",0,"YS-HBSZ-1","Skin",0
"YS-HBSZ-2-P",0,"YS-HBSZ-2","Skin",0
"YS-HBSZ-3-P",0,"YS-HBSZ-3","Skin",0
"YS-HJ-1-P",0,"YS-HJ-1","Skin",0
"YS-HJ-2-P",0,"YS-HJ-2","Skin",0
"YS-HJ-3-P",1.831828347,"YS-HJ-3","Skin",0.452066924791022
"YS-HJ-4-P",0,"YS-HJ-4","Skin",0
"YS-HJ-5-P",0,"YS-HJ-5","Skin",0
"YS-HJ-6-P",0,"YS-HJ-6","Skin",0
"YS-HKL-1-P",3.55145286010277,"YS-HKL-1","Skin",0.658150049054849
"YS-HKL-2-P",0,"YS-HKL-2","Skin",0
"YS-HKL-3-P",0,"YS-HKL-3","Skin",0
"YS-HM-1-P",12.33742605,"YS-HM-1","Skin",1.12507202447257
"YS-HM-2-P",110.6488752,"YS-HM-2","Skin",2.04785435215538
"YS-HM-3-P",78.34476608,"YS-HM-3","Skin",1.89951828411489
"YS-HM-4-P",475.3409586,"YS-HM-4","Skin",2.67791792631357
"YS-HSLT-1-P",9.516818808,"YS-HSLT-1","Skin",1.02188439161773
"YS-HSLT-2-P",0,"YS-HSLT-2","Skin",0
"YS-HSLT-3-P",4.609350883,"YS-HSLT-3","Skin",0.748912607380609
"YS-JSXSD-1-P",1.382806351,"YS-JSXSD-1","Skin",0.377088748972795
"YS-JSXSD-2-P",32.98062671,"YS-JSXSD-2","Skin",1.53123138436778
"YS-JSXSD-3-P",1.097242994,"YS-JSXSD-3","Skin",0.32164875227722
"YS-JTZCS-1-P",1.101964891,"YS-JTZCS-1","Skin",0.322625457756779
"YS-JXY-1-P",0,"YS-JXY-1","Skin",0
"YS-JXY-2-P",0,"YS-JXY-2","Skin",0
"YS-JXY-3-P",0,"YS-JXY-3","Skin",0
"YS-JZH-1-P",0,"YS-JZH-1","Skin",0
"YS-JZH-2-P",0,"YS-JZH-2","Skin",0
"YS-JZH-3-P",0,"YS-JZH-3","Skin",0
"YS-KSCDXGY-1-P",0,"YS-KSCDXGY-1","Skin",0
"YS-KSCDXGY-2-P",0,"YS-KSCDXGY-2","Skin",0
"YS-KSCDXGY-3-P",0,"YS-KSCDXGY-3","Skin",0
"YS-LBYKF-1-P",0,"YS-LBYKF-1","Skin",0
"YS-LBYKF-2-P",0,"YS-LBYKF-2","Skin",0
"YS-LBYKF-3-P",0,"YS-LBYKF-3","Skin",0
"YS-LTY-1-P",1205.122765,"YS-LTY-1","Skin",3.08139151464376
"YS-LTY-2-P",0,"YS-LTY-2","Skin",0
"YS-LTY-3-P",146.3999997,"YS-LTY-3","Skin",2.16849748263912
"YS-LY-2-P",0,"YS-LY-2","Skin",0
"YS-LY-3-P",0,"YS-LY-3","Skin",0
"YS-LYS-3-P",0,"YS-LYS-3","Skin",0
"YS-LYXHY-1-P",2.709229848,"YS-LYXHY-1","Skin",0.569283745872479
"YS-LYXHY-2-P",1.066329195,"YS-LYXHY-2","Skin",0.315199511851077
"YS-LYXHY-3-P",1.077745894,"YS-LYXHY-3","Skin",0.317592432739156
"YS-LZMB-1-P",1.109710505,"YS-LZMB-1","Skin",0.324222865389292
"YS-LZMB-2-P",0,"YS-LZMB-2","Skin",0
"YS-LZMB-3-P",0,"YS-LZMB-3","Skin",0
"YS-LZY-1-P",0,"YS-LZY-1","Skin",0
"YS-LZY-2-P",0,"YS-LZY-2","Skin",0
"YS-LZY-3-P",0,"YS-LZY-3","Skin",0
"YS-MSXX-1-P",5.560979476,"YS-MSXX-1","Skin",0.816968679203133
"YS-MSXX-2-P",2.130492624,"YS-MSXX-2","Skin",0.495612684846939
"YS-MSXX-3-P",2.435612863,"YS-MSXX-3","Skin",0.53600422007908
"YS-PSJGY-1-P",1.478895527,"YS-PSJGY-1","Skin",0.394258223821675
"YS-PSJGY-2-P",0,"YS-PSJGY-2","Skin",0
"YS-PSJGY-3-P",0,"YS-PSJGY-3","Skin",0
"YS-QLXSD-1-P",0,"YS-QLXSD-1","Skin",0
"YS-QLXSD-2-P",0,"YS-QLXSD-2","Skin",0
"YS-QLXSD-3-P",0,"YS-QLXSD-3","Skin",0
"YS-QXDDY-1-P",0,"YS-QXDDY-1","Skin",0
"YS-QXDDY-2-P",0,"YS-QXDDY-2","Skin",0
"YS-QXDDY-3-P",1.762058774,"YS-QXDDY-3","Skin",0.441232915717015
"YS-RBJXY-1-P",0,"YS-RBJXY-1","Skin",0
"YS-RBJXY-2-P",0,"YS-RBJXY-2","Skin",0
"YS-RBJXY-3-P",0,"YS-RBJXY-3","Skin",0
"YS-RWXLT-1-P",17.8233001766835,"YS-RWXLT-1","Skin",1.27469576802185
"YS-RWXLT-2-P",15.7684729578147,"YS-RWXLT-2","Skin",1.22449351483085
"YS-RWXLT-3-P",0,"YS-RWXLT-3","Skin",0
"YS-SDYY-1-P",0,"YS-SDYY-1","Skin",0
"YS-SDYY-2-P",0,"YS-SDYY-2","Skin",0
"YS-SDYY-3-P",0,"YS-SDYY-3","Skin",0
"YS-SLS-2-P",0,"YS-SLS-2","Skin",0
"YS-SLS-3-P",0,"YS-SLS-3","Skin",0
"YS-SQHN-1-P",2.95064401,"YS-SQHN-1","Skin",0.59666789744706
"YS-SQHN-2-P",0,"YS-SQHN-2","Skin",0
"YS-SQHN-3-P",0,"YS-SQHN-3","Skin",0
"YS-SZMB-1-P",0,"YS-SZMB-1","Skin",0
"YS-Y-1-P",0,"YS-Y-1","Skin",0
"YS-Y-2-P",0,"YS-Y-2","Skin",0
"YS-YC-3-P",0,"YS-YC-3","Skin",0
"YS-Z-1-P",4.471772337,"YS-Z-1","Skin",0.73812801947933
"YS-Z-2-P",0,"YS-Z-2","Skin",0
"YS-Z-3-P",0,"YS-Z-3","Skin",0
"YS-ZBTTT-1-P",3.186196833,"YS-ZBTTT-1","Skin",0.621819644804395
"YS-ZBTTT-2-P",0,"YS-ZBTTT-2","Skin",0
"YS-ZBTTT-3-P",0,"YS-ZBTTT-3","Skin",0
"YS-ZY-1-P",0,"YS-ZY-1","Skin",0
"YS-BGY-1-K",1.63327076,"YS-BGY-1","Kidney",0.420495516731695
"YS-BGY-2-K",0,"YS-BGY-2","Kidney",0
"YS-BGY-3-K",0,"YS-BGY-3","Kidney",0
"YS-BJ-1-K",0,"YS-BJ-1","Kidney",0
"YS-BJ-2-K",0,"YS-BJ-2","Kidney",0
"YS-BJ-3-K",0,"YS-BJ-3","Kidney",0
"YS-CBLT-1-K",23.44087083,"YS-CBLT-1","Kidney",1.38811667579008
"YS-CBLT-2-K",0,"YS-CBLT-2","Kidney",0
"YS-CBLT-3-K",0,"YS-CBLT-3","Kidney",0
"YS-CC-1-K",2.972979526,"YS-CC-1","Kidney",0.5991163270065
"YS-CC-2-K",0,"YS-CC-2","Kidney",0
"YS-CC-3-K",98.95624699,"YS-CC-3","Kidney",1.99980994151072
"YS-CHLT-1-K",0,"YS-CHLT-1","Kidney",0
"YS-CHLT-2-K",0,"YS-CHLT-2","Kidney",0
"YS-CHLT-3-K",42.5583303,"YS-CHLT-3","Kidney",1.63907122380655
"YS-CTSZ-1-K",111.253889665,"YS-CTSZ-1","Kidney",2.0502013985019
"YS-CTSZ-2-K",240.322605714,"YS-CTSZ-2","Kidney",2.38259800602404
"YS-CTSZ-3-K",4.814694411,"YS-CTSZ-3","Kidney",0.764526895486861
"YS-DHY-1-K",0,"YS-DHY-1","Kidney",0
"YS-DHY-2-K",0,"YS-DHY-2","Kidney",0
"YS-DLLY-1-K",0,"YS-DLLY-1","Kidney",0
"YS-DSLT-1-K",0,"YS-DSLT-1","Kidney",0
"YS-DSLT-2-K",1.712438238,"YS-DSLT-2","Kidney",0.433359858118829
"YS-DSLT-3-K",0,"YS-DSLT-3","Kidney",0
"YS-DZTT-1-K",0,"YS-DZTT-1","Kidney",0
"YS-HBSZ-1-K",0,"YS-HBSZ-1","Kidney",0
"YS-HBSZ-2-K",5.26856028229636,"YS-HBSZ-2","Kidney",0.797167806659829
"YS-HBSZ-3-K",0,"YS-HBSZ-3","Kidney",0
"YS-HJ-1-K",0,"YS-HJ-1","Kidney",0
"YS-HJ-2-K",0,"YS-HJ-2","Kidney",0
"YS-HJ-3-K",0,"YS-HJ-3","Kidney",0
"YS-HJ-4-K",0,"YS-HJ-4","Kidney",0
"YS-HJ-5-K",0,"YS-HJ-5","Kidney",0
"YS-HJ-6-K",0,"YS-HJ-6","Kidney",0
"YS-HKL-1-K",0,"YS-HKL-1","Kidney",0
"YS-HKL-2-K",0,"YS-HKL-2","Kidney",0
"YS-HKL-3-K",0,"YS-HKL-3","Kidney",0
"YS-HM-1-K",1.538723882,"YS-HM-1","Kidney",0.404615468481155
"YS-HM-2-K",0,"YS-HM-2","Kidney",0
"YS-HM-3-K",0,"YS-HM-3","Kidney",0
"YS-HM-4-K",3.144090212,"YS-HM-4","Kidney",0.617429200923316
"YS-HSLT-1-K",0,"YS-HSLT-1","Kidney",0
"YS-HSLT-2-K",0,"YS-HSLT-2","Kidney",0
"YS-HSLT-3-K",0,"YS-HSLT-3","Kidney",0
"YS-JSXSD-1-K",0,"YS-JSXSD-1","Kidney",0
"YS-JSXSD-2-K",8.508222304,"YS-JSXSD-2","Kidney",0.978099327060336
"YS-JSXSD-3-K",0,"YS-JSXSD-3","Kidney",0
"YS-JTZCS-1-K",1.651636341,"YS-JTZCS-1","Kidney",0.423513962445211
"YS-JXY-1-K",0,"YS-JXY-1","Kidney",0
"YS-JXY-2-K",0,"YS-JXY-2","Kidney",0
"YS-JXY-3-K",1856.944308,"YS-JXY-3","Kidney",3.26903269184773
"YS-JZH-1-K",0,"YS-JZH-1","Kidney",0
"YS-JZH-2-K",0,"YS-JZH-2","Kidney",0
"YS-JZH-3-K",0,"YS-JZH-3","Kidney",0
"YS-KSCDXGY-1-K",0,"YS-KSCDXGY-1","Kidney",0
"YS-KSCDXGY-2-K",0,"YS-KSCDXGY-2","Kidney",0
"YS-KSCDXGY-3-K",0,"YS-KSCDXGY-3","Kidney",0
"YS-LBYKF-1-K",0,"YS-LBYKF-1","Kidney",0
"YS-LBYKF-2-K",0,"YS-LBYKF-2","Kidney",0
"YS-LBYKF-3-K",0,"YS-LBYKF-3","Kidney",0
"YS-LTY-1-K",126.013533318,"YS-LTY-1","Kidney",2.10384999758743
"YS-LTY-2-K",0,"YS-LTY-2","Kidney",0
"YS-LTY-3-K",21.62607696,"YS-LTY-3","Kidney",1.35460925999454
"YS-LY-2-K",0,"YS-LY-2","Kidney",0
"YS-LY-3-K",0,"YS-LY-3","Kidney",0
"YS-LYS-3-K",0,"YS-LYS-3","Kidney",0
"YS-LYXHY-1-K",3.675355365,"YS-LYXHY-1","Kidney",0.669814626372842
"YS-LYXHY-2-K",0,"YS-LYXHY-2","Kidney",0
"YS-LYXHY-3-K",409.86175753,"YS-LYXHY-3","Kidney",2.61369571958599
"YS-LZMB-1-K",2.586356478,"YS-LZMB-1","Kidney",0.554653455536765
"YS-LZMB-2-K",0,"YS-LZMB-2","Kidney",0
"YS-LZMB-3-K",0,"YS-LZMB-3","Kidney",0
"YS-LZY-1-K",0,"YS-LZY-1","Kidney",0
"YS-LZY-2-K",0,"YS-LZY-2","Kidney",0
"YS-LZY-3-K",0,"YS-LZY-3","Kidney",0
"YS-MSXX-1-K",0,"YS-MSXX-1","Kidney",0
"YS-MSXX-2-K",32.16730515,"YS-MSXX-2","Kidney",1.52071018644173
"YS-MSXX-3-K",21.96080335,"YS-MSXX-3","Kidney",1.36098707903815
"YS-PSJGY-1-K",3.854631105,"YS-PSJGY-1","Kidney",0.686156234213179
"YS-PSJGY-2-K",0,"YS-PSJGY-2","Kidney",0
"YS-PSJGY-3-K",0,"YS-PSJGY-3","Kidney",0
"YS-QLXSD-1-K",0,"YS-QLXSD-1","Kidney",0
"YS-QLXSD-2-K",0,"YS-QLXSD-2","Kidney",0
"YS-QLXSD-3-K",0,"YS-QLXSD-3","Kidney",0
"YS-QXDDY-1-K",0,"YS-QXDDY-1","Kidney",0
"YS-QXDDY-2-K",0,"YS-QXDDY-2","Kidney",0
"YS-QXDDY-3-K",29.0987414,"YS-QXDDY-3","Kidney",1.4785483356449
"YS-RBJXY-1-K",0,"YS-RBJXY-1","Kidney",0
"YS-RBJXY-2-K",0,"YS-RBJXY-2","Kidney",0
"YS-RBJXY-3-K",0,"YS-RBJXY-3","Kidney",0
"YS-RWXLT-1-K",0,"YS-RWXLT-1","Kidney",0
"YS-RWXLT-2-K",0,"YS-RWXLT-2","Kidney",0
"YS-RWXLT-3-K",0,"YS-RWXLT-3","Kidney",0
"YS-SDYY-1-K",5.902244188,"YS-SDYY-1","Kidney",0.838990319722928
"YS-SDYY-2-K",0,"YS-SDYY-2","Kidney",0
"YS-SDYY-3-K",0,"YS-SDYY-3","Kidney",0
"YS-SLS-2-K",0,"YS-SLS-2","Kidney",0
"YS-SLS-3-K",0,"YS-SLS-3","Kidney",0
"YS-SQHN-1-K",0,"YS-SQHN-1","Kidney",0
"YS-SQHN-2-K",6.213296683,"YS-SQHN-2","Kidney",0.858133795095928
"YS-SQHN-3-K",0,"YS-SQHN-3","Kidney",0
"YS-SZMB-1-K",1.066486305,"YS-SZMB-1","Kidney",0.315232531474665
"YS-Y-1-K",0,"YS-Y-1","Kidney",0
"YS-Y-2-K",0,"YS-Y-2","Kidney",0
"YS-YC-3-K",0,"YS-YC-3","Kidney",0
"YS-Z-1-K",0,"YS-Z-1","Kidney",0
"YS-Z-2-K",0,"YS-Z-2","Kidney",0
"YS-Z-3-K",0,"YS-Z-3","Kidney",0
"YS-ZBTTT-1-K",0,"YS-ZBTTT-1","Kidney",0
"YS-ZBTTT-2-K",0,"YS-ZBTTT-2","Kidney",0
"YS-ZBTTT-3-K",2.35688469,"YS-ZBTTT-3","Kidney",0.52593642335799
"YS-ZY-1-K",0,"YS-ZY-1","Kidney",0
"YS-BGY-1-H",0,"YS-BGY-1","Liver",0
"YS-BGY-2-H",0,"YS-BGY-2","Liver",0
"YS-BGY-3-H",0,"YS-BGY-3","Liver",0
"YS-BJ-1-H",0,"YS-BJ-1","Liver",0
"YS-BJ-2-H",0,"YS-BJ-2","Liver",0
"YS-BJ-3-H",0,"YS-BJ-3","Liver",0
"YS-CBLT-1-H",0,"YS-CBLT-1","Liver",0
"YS-CBLT-2-H",0,"YS-CBLT-2","Liver",0
"YS-CBLT-3-H",0,"YS-CBLT-3","Liver",0
"YS-CC-1-H",0,"YS-CC-1","Liver",0
"YS-CC-2-H",0,"YS-CC-2","Liver",0
"YS-CC-3-H",0,"YS-CC-3","Liver",0
"YS-CHLT-1-H",0,"YS-CHLT-1","Liver",0
"YS-CHLT-2-H",0,"YS-CHLT-2","Liver",0
"YS-CHLT-3-H",35.5014371,"YS-CHLT-3","Liver",1.56230996342397
"YS-CTSZ-1-H",0,"YS-CTSZ-1","Liver",0
"YS-CTSZ-2-H",3.563953717,"YS-CTSZ-2","Liver",0.659341231593367
"YS-CTSZ-3-H",0,"YS-CTSZ-3","Liver",0
"YS-DHY-1-H",0,"YS-DHY-1","Liver",0
"YS-DHY-2-H",0,"YS-DHY-2","Liver",0
"YS-DLLY-1-H",0,"YS-DLLY-1","Liver",0
"YS-DSLT-1-H",0,"YS-DSLT-1","Liver",0
"YS-DSLT-2-H",0,"YS-DSLT-2","Liver",0
"YS-DSLT-3-H",0,"YS-DSLT-3","Liver",0
"YS-DZTT-1-H",0,"YS-DZTT-1","Liver",0
"YS-HBSZ-1-H",0,"YS-HBSZ-1","Liver",0
"YS-HBSZ-2-H",6.715658317,"YS-HBSZ-2","Liver",0.887372986943968
"YS-HBSZ-3-H",0,"YS-HBSZ-3","Liver",0
"YS-HJ-1-H",0,"YS-HJ-1","Liver",0
"YS-HJ-2-H",0,"YS-HJ-2","Liver",0
"YS-HJ-3-H",0,"YS-HJ-3","Liver",0
"YS-HJ-4-H",0,"YS-HJ-4","Liver",0
"YS-HJ-5-H",0,"YS-HJ-5","Liver",0
"YS-HJ-6-H",0,"YS-HJ-6","Liver",0
"YS-HKL-1-H",0,"YS-HKL-1","Liver",0
"YS-HKL-2-H",0,"YS-HKL-2","Liver",0
"YS-HKL-3-H",0,"YS-HKL-3","Liver",0
"YS-HM-1-H",0,"YS-HM-1","Liver",0
"YS-HM-2-H",0,"YS-HM-2","Liver",0
"YS-HM-3-H",0,"YS-HM-3","Liver",0
"YS-HM-4-H",1.003238139,"YS-HM-4","Liver",0.301732580000568
"YS-HSLT-1-H",0,"YS-HSLT-1","Liver",0
"YS-HSLT-2-H",0,"YS-HSLT-2","Liver",0
"YS-HSLT-3-H",0,"YS-HSLT-3","Liver",0
"YS-JSXSD-1-H",0,"YS-JSXSD-1","Liver",0
"YS-JSXSD-2-H",2.528762968,"YS-JSXSD-2","Liver",0.547622487165034
"YS-JSXSD-3-H",0,"YS-JSXSD-3","Liver",0
"YS-JTZCS-1-H",2.567662505,"YS-JTZCS-1","Liver",0.552383764104114
"YS-JXY-1-H",0,"YS-JXY-1","Liver",0
"YS-JXY-2-H",0,"YS-JXY-2","Liver",0
"YS-JXY-3-H",32.63969155,"YS-JXY-3","Liver",1.52685200499903
"YS-JZH-1-H",0,"YS-JZH-1","Liver",0
"YS-JZH-2-H",8.640509703,"YS-JZH-2","Liver",0.984099996075903
"YS-JZH-3-H",0,"YS-JZH-3","Liver",0
"YS-KSCDXGY-1-H",0,"YS-KSCDXGY-1","Liver",0
"YS-KSCDXGY-2-H",0,"YS-KSCDXGY-2","Liver",0
"YS-KSCDXGY-3-H",0,"YS-KSCDXGY-3","Liver",0
"YS-LBYKF-1-H",6.653213008,"YS-LBYKF-1","Liver",0.883843800995939
"YS-LBYKF-2-H",0,"YS-LBYKF-2","Liver",0
"YS-LBYKF-3-H",26.50888192,"YS-LBYKF-3","Liver",1.43947293914133
"YS-LTY-1-H",105.3006093,"YS-LTY-1","Liver",2.02653575384474
"YS-LTY-2-H",5.559510045,"YS-LTY-2","Liver",0.816871401464145
"YS-LTY-3-H",73.43852595,"YS-LTY-3","Liver",1.87179776453773
"YS-LY-2-H",0,"YS-LY-2","Liver",0
"YS-LY-3-H",0,"YS-LY-3","Liver",0
"YS-LYS-3-H",0,"YS-LYS-3","Liver",0
"YS-LYXHY-1-H",0,"YS-LYXHY-1","Liver",0
"YS-LYXHY-2-H",283.0568541,"YS-LYXHY-2","Liver",2.45340527297218
"YS-LYXHY-3-H",390.37600976,"YS-LYXHY-3","Liver",2.59259420111716
"YS-LZMB-1-H",892.623585949,"YS-LZMB-1","Liver",2.95115462285635
"YS-LZMB-2-H",0,"YS-LZMB-2","Liver",0
"YS-LZMB-3-H",0,"YS-LZMB-3","Liver",0
"YS-LZY-1-H",0,"YS-LZY-1","Liver",0
"YS-LZY-2-H",0,"YS-LZY-2","Liver",0
"YS-LZY-3-H",0,"YS-LZY-3","Liver",0
"YS-MSXX-1-H",41.50494149,"YS-MSXX-1","Liver",1.62843942268766
"YS-MSXX-2-H",26.51359441,"YS-MSXX-2","Liver",1.4395473308643
"YS-MSXX-3-H",66.00787657,"YS-MSXX-3","Liver",1.82612585568336
"YS-PSJGY-1-H",73.28392186,"YS-PSJGY-1","Liver",1.87089482448608
"YS-PSJGY-2-H",0,"YS-PSJGY-2","Liver",0
"YS-PSJGY-3-H",0,"YS-PSJGY-3","Liver",0
"YS-QLXSD-1-H",0,"YS-QLXSD-1","Liver",0
"YS-QLXSD-2-H",0,"YS-QLXSD-2","Liver",0
"YS-QLXSD-3-H",0,"YS-QLXSD-3","Liver",0
"YS-QXDDY-1-H",0,"YS-QXDDY-1","Liver",0
"YS-QXDDY-2-H",0,"YS-QXDDY-2","Liver",0
"YS-QXDDY-3-H",5.197289622,"YS-QXDDY-3","Liver",0.792201792792778
"YS-RBJXY-1-H",0,"YS-RBJXY-1","Liver",0
"YS-RBJXY-2-H",0,"YS-RBJXY-2","Liver",0
"YS-RBJXY-3-H",0,"YS-RBJXY-3","Liver",0
"YS-RWXLT-1-H",0,"YS-RWXLT-1","Liver",0
"YS-RWXLT-2-H",0,"YS-RWXLT-2","Liver",0
"YS-RWXLT-3-H",0,"YS-RWXLT-3","Liver",0
"YS-SDYY-1-H",0,"YS-SDYY-1","Liver",0
"YS-SDYY-2-H",0,"YS-SDYY-2","Liver",0
"YS-SDYY-3-H",0,"YS-SDYY-3","Liver",0
"YS-SLS-2-H",0,"YS-SLS-2","Liver",0
"YS-SLS-3-H",0,"YS-SLS-3","Liver",0
"YS-SQHN-1-H",3.195988252,"YS-SQHN-1","Liver",0.62283426357807
"YS-SQHN-2-H",11.54066927,"YS-SQHN-2","Liver",1.09832071452594
"YS-SQHN-3-H",0,"YS-SQHN-3","Liver",0
"YS-SZMB-1-H",0,"YS-SZMB-1","Liver",0
"YS-Y-1-H",0,"YS-Y-1","Liver",0
"YS-Y-2-H",10.026948236,"YS-Y-2","Liver",1.04245533586277
"YS-YC-3-H",0,"YS-YC-3","Liver",0
"YS-Z-1-H",0,"YS-Z-1","Liver",0
"YS-Z-2-H",0,"YS-Z-2","Liver",0
"YS-Z-3-H",0,"YS-Z-3","Liver",0
"YS-ZBTTT-1-H",0,"YS-ZBTTT-1","Liver",0
"YS-ZBTTT-2-H",0,"YS-ZBTTT-2","Liver",0
"YS-ZBTTT-3-H",0,"YS-ZBTTT-3","Liver",0
"YS-ZY-1-H",0,"YS-ZY-1","Liver",0
"YS-BGY-1-G",0,"YS-BGY-1","Gill",0
"YS-BGY-2-G",0,"YS-BGY-2","Gill",0
"YS-BGY-3-G",0,"YS-BGY-3","Gill",0
"YS-BJ-1-G",0,"YS-BJ-1","Gill",0
"YS-BJ-2-G",0,"YS-BJ-2","Gill",0
"YS-BJ-3-G",0,"YS-BJ-3","Gill",0
"YS-CBLT-1-G",0,"YS-CBLT-1","Gill",0
"YS-CBLT-2-G",0,"YS-CBLT-2","Gill",0
"YS-CBLT-3-G",0,"YS-CBLT-3","Gill",0
"YS-CC-1-G",3.323025183,"YS-CC-1","Gill",0.635787765444844
"YS-CC-2-G",0,"YS-CC-2","Gill",0
"YS-CC-3-G",0,"YS-CC-3","Gill",0
"YS-CHLT-1-G",0,"YS-CHLT-1","Gill",0
"YS-CHLT-2-G",0,"YS-CHLT-2","Gill",0
"YS-CHLT-3-G",0,"YS-CHLT-3","Gill",0
"YS-CTSZ-1-G",0,"YS-CTSZ-1","Gill",0
"YS-CTSZ-2-G",0,"YS-CTSZ-2","Gill",0
"YS-CTSZ-3-G",1.664894347,"YS-CTSZ-3","Gill",0.425679995567297
"YS-DHY-1-G",0,"YS-DHY-1","Gill",0
"YS-DHY-2-G",2.160702625,"YS-DHY-2","Gill",0.499783637124986
"YS-DLLY-1-G",0,"YS-DLLY-1","Gill",0
"YS-DSLT-1-G",0,"YS-DSLT-1","Gill",0
"YS-DSLT-2-G",0,"YS-DSLT-2","Gill",0
"YS-DSLT-3-G",0,"YS-DSLT-3","Gill",0
"YS-DZTT-1-G",0,"YS-DZTT-1","Gill",0
"YS-HBSZ-1-G",0,"YS-HBSZ-1","Gill",0
"YS-HBSZ-2-G",0,"YS-HBSZ-2","Gill",0
"YS-HBSZ-3-G",0,"YS-HBSZ-3","Gill",0
"YS-HJ-1-G",0,"YS-HJ-1","Gill",0
"YS-HJ-2-G",0,"YS-HJ-2","Gill",0
"YS-HJ-3-G",0,"YS-HJ-3","Gill",0
"YS-HJ-4-G",0,"YS-HJ-4","Gill",0
"YS-HJ-5-G",0,"YS-HJ-5","Gill",0
"YS-HJ-6-G",0,"YS-HJ-6","Gill",0
"YS-HKL-1-G",0,"YS-HKL-1","Gill",0
"YS-HKL-2-G",0,"YS-HKL-2","Gill",0
"YS-HKL-3-G",0,"YS-HKL-3","Gill",0
"YS-HM-1-G",1.503540797,"YS-HM-1","Gill",0.398554672933895
"YS-HM-2-G",5.755776408,"YS-HM-2","Gill",0.829675267545109
"YS-HM-3-G",5.610899865,"YS-HM-3","Gill",0.820260578971992
"YS-HM-4-G",3.088311073,"YS-HM-4","Gill",0.611543933151013
"YS-HSLT-1-G",0,"YS-HSLT-1","Gill",0
"YS-HSLT-2-G",0,"YS-HSLT-2","Gill",0
"YS-HSLT-3-G",0,"YS-HSLT-3","Gill",0
"YS-JSXSD-1-G",0,"YS-JSXSD-1","Gill",0
"YS-JSXSD-2-G",0,"YS-JSXSD-2","Gill",0
"YS-JSXSD-3-G",0,"YS-JSXSD-3","Gill",0
"YS-JTZCS-1-G",7.881673521,"YS-JTZCS-1","Gill",0.948494805019362
"YS-JXY-1-G",0,"YS-JXY-1","Gill",0
"YS-JXY-2-G",0,"YS-JXY-2","Gill",0
"YS-JXY-3-G",107.459973,"YS-JXY-3","Gill",2.03526949198628
"YS-JZH-1-G",0,"YS-JZH-1","Gill",0
"YS-JZH-2-G",0,"YS-JZH-2","Gill",0
"YS-JZH-3-G",0,"YS-JZH-3","Gill",0
"YS-KSCDXGY-1-G",0,"YS-KSCDXGY-1","Gill",0
"YS-KSCDXGY-2-G",0,"YS-KSCDXGY-2","Gill",0
"YS-KSCDXGY-3-G",0,"YS-KSCDXGY-3","Gill",0
"YS-LBYKF-1-G",0,"YS-LBYKF-1","Gill",0
"YS-LBYKF-2-G",0,"YS-LBYKF-2","Gill",0
"YS-LBYKF-3-G",0,"YS-LBYKF-3","Gill",0
"YS-LTY-1-G",548.685312772,"YS-LTY-1","Gill",2.74011413305944
"YS-LTY-2-G",0,"YS-LTY-2","Gill",0
"YS-LTY-3-G",78.50999715,"YS-LTY-3","Gill",1.90042173789065
"YS-LY-2-G",0,"YS-LY-2","Gill",0
"YS-LY-3-G",0,"YS-LY-3","Gill",0
"YS-LYS-3-G",0,"YS-LYS-3","Gill",0
"YS-LYXHY-1-G",0,"YS-LYXHY-1","Gill",0
"YS-LYXHY-2-G",0,"YS-LYXHY-2","Gill",0
"YS-LYXHY-3-G",117.34872942,"YS-LYXHY-3","Gill",2.07316359974846
"YS-LZMB-1-G",0,"YS-LZMB-1","Gill",0
"YS-LZMB-2-G",0,"YS-LZMB-2","Gill",0
"YS-LZMB-3-G",0,"YS-LZMB-3","Gill",0
"YS-LZY-1-G",0,"YS-LZY-1","Gill",0
"YS-LZY-2-G",0,"YS-LZY-2","Gill",0
"YS-LZY-3-G",0,"YS-LZY-3","Gill",0
"YS-MSXX-1-G",9.706542898,"YS-MSXX-1","Gill",1.02964926142998
"YS-MSXX-2-G",53.18786888,"YS-MSXX-2","Gill",1.73390207125864
"YS-MSXX-3-G",44.18627096,"YS-MSXX-3","Gill",1.65500650224471
"YS-PSJGY-1-G",1.090715348,"YS-PSJGY-1","Gill",0.320294907419233
"YS-PSJGY-2-G",0,"YS-PSJGY-2","Gill",0
"YS-PSJGY-3-G",0,"YS-PSJGY-3","Gill",0
"YS-QLXSD-1-G",0,"YS-QLXSD-1","Gill",0
"YS-QLXSD-2-G",0,"YS-QLXSD-2","Gill",0
"YS-QLXSD-3-G",0,"YS-QLXSD-3","Gill",0
"YS-QXDDY-1-G",0,"YS-QXDDY-1","Gill",0
"YS-QXDDY-2-G",0,"YS-QXDDY-2","Gill",0
"YS-QXDDY-3-G",13.315319911,"YS-QXDDY-3","Gill",1.15580105784344
"YS-RBJXY-1-G",0,"YS-RBJXY-1","Gill",0
"YS-RBJXY-2-G",0,"YS-RBJXY-2","Gill",0
"YS-RBJXY-3-G",0,"YS-RBJXY-3","Gill",0
"YS-RWXLT-1-G",6.60743962,"YS-RWXLT-1","Gill",0.881238514062754
"YS-RWXLT-2-G",0,"YS-RWXLT-2","Gill",0
"YS-RWXLT-3-G",0,"YS-RWXLT-3","Gill",0
"YS-SDYY-1-G",2.327172003,"YS-SDYY-1","Gill",0.52207525293461
"YS-SDYY-2-G",0,"YS-SDYY-2","Gill",0
"YS-SDYY-3-G",0,"YS-SDYY-3","Gill",0
"YS-SLS-2-G",0,"YS-SLS-2","Gill",0
"YS-SLS-3-G",0,"YS-SLS-3","Gill",0
"YS-SQHN-1-G",2.05640055529669,"YS-SQHN-1","Gill",0.485210269915266
"YS-SQHN-2-G",0,"YS-SQHN-2","Gill",0
"YS-SQHN-3-G",0,"YS-SQHN-3","Gill",0
"YS-SZMB-1-G",1.240796743,"YS-SZMB-1","Gill",0.350402464568566
"YS-Y-1-G",0,"YS-Y-1","Gill",0
"YS-Y-2-G",0,"YS-Y-2","Gill",0
"YS-YC-3-G",0,"YS-YC-3","Gill",0
"YS-Z-1-G",0,"YS-Z-1","Gill",0
"YS-Z-2-G",0,"YS-Z-2","Gill",0
"YS-Z-3-G",0,"YS-Z-3","Gill",0
"YS-ZBTTT-1-G",0,"YS-ZBTTT-1","Gill",0
"YS-ZBTTT-2-G",0,"YS-ZBTTT-2","Gill",0
"YS-ZBTTT-3-G",0,"YS-ZBTTT-3","Gill",0
"YS-ZY-1-G",0,"YS-ZY-1","Gill",0
"YS-BGY-1-M",0,"YS-BGY-1","Muscles",0
"YS-BGY-2-M",0,"YS-BGY-2","Muscles",0
"YS-BGY-3-M",0,"YS-BGY-3","Muscles",0
"YS-BJ-1-M",0,"YS-BJ-1","Muscles",0
"YS-BJ-2-M",0,"YS-BJ-2","Muscles",0
"YS-BJ-3-M",0,"YS-BJ-3","Muscles",0
"YS-CBLT-1-M",0,"YS-CBLT-1","Muscles",0
"YS-CBLT-2-M",0,"YS-CBLT-2","Muscles",0
"YS-CBLT-3-M",0,"YS-CBLT-3","Muscles",0
"YS-CC-1-M",0,"YS-CC-1","Muscles",0
"YS-CC-2-M",0,"YS-CC-2","Muscles",0
"YS-CC-3-M",0,"YS-CC-3","Muscles",0
"YS-CHLT-1-M",0,"YS-CHLT-1","Muscles",0
"YS-CHLT-2-M",0,"YS-CHLT-2","Muscles",0
"YS-CHLT-3-M",0,"YS-CHLT-3","Muscles",0
"YS-CTSZ-1-M",0,"YS-CTSZ-1","Muscles",0
"YS-CTSZ-2-M",0,"YS-CTSZ-2","Muscles",0
"YS-CTSZ-3-M",0,"YS-CTSZ-3","Muscles",0
"YS-DHY-1-M",0,"YS-DHY-1","Muscles",0
"YS-DHY-2-M",0,"YS-DHY-2","Muscles",0
"YS-DLLY-1-M",0,"YS-DLLY-1","Muscles",0
"YS-DSLT-1-M",0,"YS-DSLT-1","Muscles",0
"YS-DSLT-2-M",23.04784733,"YS-DSLT-2","Muscles",1.38107620609259
"YS-DSLT-3-M",0,"YS-DSLT-3","Muscles",0
"YS-DZTT-1-M",0,"YS-DZTT-1","Muscles",0
"YS-HBSZ-1-M",0,"YS-HBSZ-1","Muscles",0
"YS-HBSZ-2-M",0,"YS-HBSZ-2","Muscles",0
"YS-HBSZ-3-M",0,"YS-HBSZ-3","Muscles",0
"YS-HJ-1-M",0,"YS-HJ-1","Muscles",0
"YS-HJ-2-M",0,"YS-HJ-2","Muscles",0
"YS-HJ-3-M",0,"YS-HJ-3","Muscles",0
"YS-HJ-4-M",0,"YS-HJ-4","Muscles",0
"YS-HJ-5-M",0,"YS-HJ-5","Muscles",0
"YS-HJ-6-M",0,"YS-HJ-6","Muscles",0
"YS-HKL-1-M",0,"YS-HKL-1","Muscles",0
"YS-HKL-2-M",0,"YS-HKL-2","Muscles",0
"YS-HKL-3-M",0,"YS-HKL-3","Muscles",0
"YS-HM-1-M",6.126935373,"YS-HM-1","Muscles",0.852902820635492
"YS-HM-2-M",25.64727013,"YS-HM-2","Muscles",1.42565272449945
"YS-HM-3-M",40.28368886,"YS-HM-3","Muscles",1.61577849627336
"YS-HM-4-M",94.92280143,"YS-HM-4","Muscles",1.98192185386711
"YS-HSLT-1-M",0,"YS-HSLT-1","Muscles",0
"YS-HSLT-2-M",0,"YS-HSLT-2","Muscles",0
"YS-HSLT-3-M",0,"YS-HSLT-3","Muscles",0
"YS-JSXSD-1-M",0,"YS-JSXSD-1","Muscles",0
"YS-JSXSD-2-M",5.542372928,"YS-JSXSD-2","Muscles",0.815735296125928
"YS-JSXSD-3-M",0,"YS-JSXSD-3","Muscles",0
"YS-JTZCS-1-M",95.25010858,"YS-JTZCS-1","Muscles",1.98340122810956
"YS-JXY-1-M",0,"YS-JXY-1","Muscles",0
"YS-JXY-2-M",0,"YS-JXY-2","Muscles",0
"YS-JXY-3-M",14.68448324,"YS-JXY-3","Muscles",1.19547021447696
"YS-JZH-1-M",0,"YS-JZH-1","Muscles",0
"YS-JZH-2-M",0,"YS-JZH-2","Muscles",0
"YS-JZH-3-M",0,"YS-JZH-3","Muscles",0
"YS-KSCDXGY-1-M",0,"YS-KSCDXGY-1","Muscles",0
"YS-KSCDXGY-2-M",0,"YS-KSCDXGY-2","Muscles",0
"YS-KSCDXGY-3-M",0,"YS-KSCDXGY-3","Muscles",0
"YS-LBYKF-1-M",0,"YS-LBYKF-1","Muscles",0
"YS-LBYKF-2-M",0,"YS-LBYKF-2","Muscles",0
"YS-LBYKF-3-M",0,"YS-LBYKF-3","Muscles",0
"YS-LTY-1-M",1325.685091,"YS-LTY-1","Muscles",3.1227678486586
"YS-LTY-2-M",0,"YS-LTY-2","Muscles",0
"YS-LTY-3-M",80.48678546,"YS-LTY-3","Muscles",1.91108718583055
"YS-LY-2-M",0,"YS-LY-2","Muscles",0
"YS-LY-3-M",0,"YS-LY-3","Muscles",0
"YS-LYS-3-M",0,"YS-LYS-3","Muscles",0
"YS-LYXHY-1-M",1.809989813,"YS-LYXHY-1","Muscles",0.448704745468814
"YS-LYXHY-2-M",0,"YS-LYXHY-2","Muscles",0
"YS-LYXHY-3-M",9.471170014,"YS-LYXHY-3","Muscles",1.01999521102311
"YS-LZMB-1-M",2.112058199,"YS-LZMB-1","Muscles",0.49304771019047
"YS-LZMB-2-M",0,"YS-LZMB-2","Muscles",0
"YS-LZMB-3-M",0,"YS-LZMB-3","Muscles",0
"YS-LZY-1-M",0,"YS-LZY-1","Muscles",0
"YS-LZY-2-M",0,"YS-LZY-2","Muscles",0
"YS-LZY-3-M",0,"YS-LZY-3","Muscles",0
"YS-MSXX-1-M",6.938231073,"YS-MSXX-1","Muscles",0.899723736580241
"YS-MSXX-2-M",0,"YS-MSXX-2","Muscles",0
"YS-MSXX-3-M",1.933472407,"YS-MSXX-3","Muscles",0.467382007485366
"YS-PSJGY-1-M",3.482475961,"YS-PSJGY-1","Muscles",0.651517969169403
"YS-PSJGY-2-M",0,"YS-PSJGY-2","Muscles",0
"YS-PSJGY-3-M",0,"YS-PSJGY-3","Muscles",0
"YS-QLXSD-1-M",0,"YS-QLXSD-1","Muscles",0
"YS-QLXSD-2-M",0,"YS-QLXSD-2","Muscles",0
"YS-QLXSD-3-M",0,"YS-QLXSD-3","Muscles",0
"YS-QXDDY-1-M",0,"YS-QXDDY-1","Muscles",0
"YS-QXDDY-2-M",0,"YS-QXDDY-2","Muscles",0
"YS-QXDDY-3-M",5.628368049,"YS-QXDDY-3","Muscles",0.821406615198714
"YS-RBJXY-1-M",0,"YS-RBJXY-1","Muscles",0
"YS-RBJXY-2-M",0,"YS-RBJXY-2","Muscles",0
"YS-RBJXY-3-M",0,"YS-RBJXY-3","Muscles",0
"YS-RWXLT-1-M",0,"YS-RWXLT-1","Muscles",0
"YS-RWXLT-2-M",0,"YS-RWXLT-2","Muscles",0
"YS-RWXLT-3-M",0,"YS-RWXLT-3","Muscles",0
"YS-SDYY-1-M",0,"YS-SDYY-1","Muscles",0
"YS-SDYY-2-M",0,"YS-SDYY-2","Muscles",0
"YS-SDYY-3-M",0,"YS-SDYY-3","Muscles",0
"YS-SLS-2-M",0,"YS-SLS-2","Muscles",0
"YS-SLS-3-M",0,"YS-SLS-3","Muscles",0
"YS-SQHN-1-M",0,"YS-SQHN-1","Muscles",0
"YS-SQHN-2-M",10.2393883,"YS-SQHN-2","Muscles",1.05074267554233
"YS-SQHN-3-M",0,"YS-SQHN-3","Muscles",0
"YS-SZMB-1-M",0,"YS-SZMB-1","Muscles",0
"YS-Y-1-M",0,"YS-Y-1","Muscles",0
"YS-Y-2-M",1.965501858,"YS-Y-2","Muscles",0.472098200471493
"YS-YC-3-M",0,"YS-YC-3","Muscles",0
"YS-Z-1-M",0,"YS-Z-1","Muscles",0
"YS-Z-2-M",2.386423846,"YS-Z-2","Muscles",0.529741313624988
"YS-Z-3-M",0,"YS-Z-3","Muscles",0
"YS-ZBTTT-1-M",0,"YS-ZBTTT-1","Muscles",0
"YS-ZBTTT-2-M",0,"YS-ZBTTT-2","Muscles",0
"YS-ZBTTT-3-M",0,"YS-ZBTTT-3","Muscles",0
"YS-ZY-1-M",0,"YS-ZY-1","Muscles",0
"YS-BGY-1-B",0,"YS-BGY-1","Brain",0
"YS-BGY-2-B",0,"YS-BGY-2","Brain",0
"YS-BGY-3-B",0,"YS-BGY-3","Brain",0
"YS-BJ-1-B",0,"YS-BJ-1","Brain",0
"YS-BJ-2-B",0,"YS-BJ-2","Brain",0
"YS-BJ-3-B",0,"YS-BJ-3","Brain",0
"YS-CBLT-1-B",0,"YS-CBLT-1","Brain",0
"YS-CBLT-2-B",0,"YS-CBLT-2","Brain",0
"YS-CBLT-3-B",0,"YS-CBLT-3","Brain",0
"YS-CC-1-B",0,"YS-CC-1","Brain",0
"YS-CC-2-B",0,"YS-CC-2","Brain",0
"YS-CC-3-B",0,"YS-CC-3","Brain",0
"YS-CHLT-1-B",0,"YS-CHLT-1","Brain",0
"YS-CHLT-2-B",0,"YS-CHLT-2","Brain",0
"YS-CHLT-3-B",0,"YS-CHLT-3","Brain",0
"YS-CTSZ-1-B",0.534122431,"YS-CTSZ-1","Brain",0.185860019968889
"YS-CTSZ-2-B",0,"YS-CTSZ-2","Brain",0
"YS-CTSZ-3-B",3.05374379,"YS-CTSZ-3","Brain",0.607856296378335
"YS-DHY-1-B",0,"YS-DHY-1","Brain",0
"YS-DHY-2-B",0.634575993,"YS-DHY-2","Brain",0.213405116151244
"YS-DLLY-1-B",0.267702116,"YS-DLLY-1","Brain",0.103017215236698
"YS-DSLT-1-B",0,"YS-DSLT-1","Brain",0
"YS-DSLT-2-B",0,"YS-DSLT-2","Brain",0
"YS-DSLT-3-B",0,"YS-DSLT-3","Brain",0
"YS-DZTT-1-B",0,"YS-DZTT-1","Brain",0
"YS-HBSZ-1-B",0,"YS-HBSZ-1","Brain",0
"YS-HBSZ-2-B",0,"YS-HBSZ-2","Brain",0
"YS-HBSZ-3-B",0,"YS-HBSZ-3","Brain",0
"YS-HJ-1-B",0,"YS-HJ-1","Brain",0
"YS-HJ-2-B",0,"YS-HJ-2","Brain",0
"YS-HJ-3-B",0,"YS-HJ-3","Brain",0
"YS-HJ-4-B",0,"YS-HJ-4","Brain",0
"YS-HJ-5-B",0,"YS-HJ-5","Brain",0
"YS-HJ-6-B",0,"YS-HJ-6","Brain",0
"YS-HKL-1-B",0,"YS-HKL-1","Brain",0
"YS-HKL-2-B",0,"YS-HKL-2","Brain",0
"YS-HKL-3-B",0,"YS-HKL-3","Brain",0
"YS-HM-1-B",0,"YS-HM-1","Brain",0
"YS-HM-2-B",6.97915798,"YS-HM-2","Brain",0.901957063790096
"YS-HM-3-B",0,"YS-HM-3","Brain",0
"YS-HM-4-B",0,"YS-HM-4","Brain",0
"YS-HSLT-1-B",0,"YS-HSLT-1","Brain",0
"YS-HSLT-2-B",0,"YS-HSLT-2","Brain",0
"YS-HSLT-3-B",0,"YS-HSLT-3","Brain",0
"YS-JSXSD-1-B",0,"YS-JSXSD-1","Brain",0
"YS-JSXSD-2-B",0,"YS-JSXSD-2","Brain",0
"YS-JSXSD-3-B",0,"YS-JSXSD-3","Brain",0
"YS-JTZCS-1-B",0,"YS-JTZCS-1","Brain",0
"YS-JXY-1-B",0,"YS-JXY-1","Brain",0
"YS-JXY-2-B",0,"YS-JXY-2","Brain",0
"YS-JXY-3-B",3.21421516,"YS-JXY-3","Brain",0.624716705077323
"YS-JZH-1-B",0,"YS-JZH-1","Brain",0
"YS-JZH-2-B",0,"YS-JZH-2","Brain",0
"YS-JZH-3-B",0,"YS-JZH-3","Brain",0
"YS-KSCDXGY-1-B",0,"YS-KSCDXGY-1","Brain",0
"YS-KSCDXGY-2-B",0,"YS-KSCDXGY-2","Brain",0
"YS-KSCDXGY-3-B",0,"YS-KSCDXGY-3","Brain",0
"YS-LBYKF-1-B",0,"YS-LBYKF-1","Brain",0
"YS-LBYKF-2-B",0,"YS-LBYKF-2","Brain",0
"YS-LBYKF-3-B",0,"YS-LBYKF-3","Brain",0
"YS-LTY-1-B",383.891711,"YS-LTY-1","Brain",2.58533855826081
"YS-LTY-2-B",0,"YS-LTY-2","Brain",0
"YS-LTY-3-B",34.2651967,"YS-LTY-3","Brain",1.54734631056787
"YS-LY-2-B",0,"YS-LY-2","Brain",0
"YS-LY-3-B",0,"YS-LY-3","Brain",0
"YS-LYS-3-B",0,"YS-LYS-3","Brain",0
"YS-LYXHY-1-B",0,"YS-LYXHY-1","Brain",0
"YS-LYXHY-2-B",0,"YS-LYXHY-2","Brain",0
"YS-LYXHY-3-B",4.553272383,"YS-LYXHY-3","Brain",0.744548975747499
"YS-LZMB-1-B",0,"YS-LZMB-1","Brain",0
"YS-LZMB-2-B",0,"YS-LZMB-2","Brain",0
"YS-LZMB-3-B",0,"YS-LZMB-3","Brain",0
"YS-LZY-1-B",0,"YS-LZY-1","Brain",0
"YS-LZY-2-B",0,"YS-LZY-2","Brain",0
"YS-LZY-3-B",0,"YS-LZY-3","Brain",0
"YS-MSXX-1-B",34.79662305,"YS-MSXX-1","Brain",1.55384205848953
"YS-MSXX-2-B",29.6457896,"YS-MSXX-2","Brain",1.48637081558877
"YS-MSXX-3-B",16.51106574,"YS-MSXX-3","Brain",1.24331257846016
"YS-PSJGY-1-B",0,"YS-PSJGY-1","Brain",0
"YS-PSJGY-2-B",0,"YS-PSJGY-2","Brain",0
"YS-PSJGY-3-B",0,"YS-PSJGY-3","Brain",0
"YS-QLXSD-1-B",0,"YS-QLXSD-1","Brain",0
"YS-QLXSD-2-B",0,"YS-QLXSD-2","Brain",0
"YS-QLXSD-3-B",0,"YS-QLXSD-3","Brain",0
"YS-QXDDY-1-B",0,"YS-QXDDY-1","Brain",0
"YS-QXDDY-2-B",0,"YS-QXDDY-2","Brain",0
"YS-QXDDY-3-B",1.831153288,"YS-QXDDY-3","Brain",0.451963384140904
"YS-RBJXY-1-B",0,"YS-RBJXY-1","Brain",0
"YS-RBJXY-2-B",0,"YS-RBJXY-2","Brain",0
"YS-RBJXY-3-B",0,"YS-RBJXY-3","Brain",0
"YS-RWXLT-1-B",0,"YS-RWXLT-1","Brain",0
"YS-RWXLT-2-B",1.062634002,"YS-RWXLT-2","Brain",0.314422172707402
"YS-RWXLT-3-B",0,"YS-RWXLT-3","Brain",0
"YS-SDYY-1-B",0,"YS-SDYY-1","Brain",0
"YS-SDYY-2-B",0,"YS-SDYY-2","Brain",0
"YS-SDYY-3-B",0,"YS-SDYY-3","Brain",0
"YS-SLS-2-B",0,"YS-SLS-2","Brain",0
"YS-SLS-3-B",0,"YS-SLS-3","Brain",0
"YS-SQHN-1-B",0,"YS-SQHN-1","Brain",0
"YS-SQHN-2-B",2.409969424,"YS-SQHN-2","Brain",0.532750484843638
"YS-SQHN-3-B",0,"YS-SQHN-3","Brain",0
"YS-SZMB-1-B",0,"YS-SZMB-1","Brain",0
"YS-Y-1-B",1.532440302,"YS-Y-1","Brain",0.403539216394583
"YS-Y-2-B",0,"YS-Y-2","Brain",0
"YS-YC-3-B",0,"YS-YC-3","Brain",0
"YS-Z-1-B",0,"YS-Z-1","Brain",0
"YS-Z-2-B",0,"YS-Z-2","Brain",0
"YS-Z-3-B",0,"YS-Z-3","Brain",0
"YS-ZBTTT-1-B",0,"YS-ZBTTT-1","Brain",0
"YS-ZBTTT-2-B",0,"YS-ZBTTT-2","Brain",0
"YS-ZBTTT-3-B",0,"YS-ZBTTT-3","Brain",0
"YS-ZY-1-B",0,"YS-ZY-1","Brain",0
