lib_id	count
YS-BGY-1-B	0
YS-BGY-1-G	0
YS-BGY-1-H	0
YS-BGY-1-I	1
YS-BGY-1-K	1
YS-BGY-1-M	0
YS-BGY-1-P	0
YS-BGY-1-S	0
YS-BGY-2-B	0
YS-BGY-2-G	0
YS-BGY-2-H	0
YS-BGY-2-I	1
YS-BGY-2-K	0
YS-BGY-2-M	0
YS-BGY-2-P	0
YS-BGY-2-S	1
YS-BGY-3-B	0
YS-BGY-3-G	0
YS-BGY-3-H	0
YS-BGY-3-I	0
YS-BGY-3-K	0
YS-BGY-3-M	0
YS-BGY-3-P	0
YS-BGY-3-S	0
YS-BJ-1-B	0
YS-BJ-1-G	0
YS-BJ-1-H	0
YS-BJ-1-I	0
YS-BJ-1-K	0
YS-BJ-1-M	0
YS-BJ-1-P	0
YS-BJ-1-S	0
YS-BJ-2-B	0
YS-BJ-2-G	0
YS-BJ-2-H	0
YS-BJ-2-I	0
YS-BJ-2-K	0
YS-BJ-2-M	0
YS-BJ-2-P	0
YS-BJ-2-S	0
YS-BJ-3-B	0
YS-BJ-3-G	0
YS-BJ-3-H	0
YS-BJ-3-I	0
YS-BJ-3-K	0
YS-BJ-3-M	0
YS-BJ-3-P	0
YS-BJ-3-S	0
YS-CBLT-1-B	0
YS-CBLT-1-G	0
YS-CBLT-1-H	0
YS-CBLT-1-I	0
YS-CBLT-1-K	1
YS-CBLT-1-M	0
YS-CBLT-1-P	0
YS-CBLT-1-S	0
YS-CBLT-2-B	0
YS-CBLT-2-G	0
YS-CBLT-2-H	0
YS-CBLT-2-I	0
YS-CBLT-2-K	0
YS-CBLT-2-M	0
YS-CBLT-2-P	0
YS-CBLT-2-S	0
YS-CBLT-3-B	0
YS-CBLT-3-G	0
YS-CBLT-3-H	0
YS-CBLT-3-I	0
YS-CBLT-3-K	0
YS-CBLT-3-M	0
YS-CBLT-3-P	0
YS-CBLT-3-S	0
YS-CC-1-B	0
YS-CC-1-G	1
YS-CC-1-H	0
YS-CC-1-I	0
YS-CC-1-K	1
YS-CC-1-M	0
YS-CC-1-P	1
YS-CC-1-S	1
YS-CC-2-B	0
YS-CC-2-G	0
YS-CC-2-H	0
YS-CC-2-I	1
YS-CC-2-K	0
YS-CC-2-M	0
YS-CC-2-P	0
YS-CC-2-S	0
YS-CC-3-B	0
YS-CC-3-G	0
YS-CC-3-H	0
YS-CC-3-I	2
YS-CC-3-K	1
YS-CC-3-M	0
YS-CC-3-P	0
YS-CC-3-S	0
YS-CHLT-1-B	0
YS-CHLT-1-G	0
YS-CHLT-1-H	0
YS-CHLT-1-I	0
YS-CHLT-1-K	0
YS-CHLT-1-M	0
YS-CHLT-1-P	0
YS-CHLT-1-S	0
YS-CHLT-2-B	0
YS-CHLT-2-G	0
YS-CHLT-2-H	0
YS-CHLT-2-I	0
YS-CHLT-2-K	0
YS-CHLT-2-M	0
YS-CHLT-2-P	0
YS-CHLT-2-S	0
YS-CHLT-3-B	0
YS-CHLT-3-G	0
YS-CHLT-3-H	1
YS-CHLT-3-I	1
YS-CHLT-3-K	1
YS-CHLT-3-M	0
YS-CHLT-3-P	0
YS-CHLT-3-S	1
YS-CTSZ-1-B	1
YS-CTSZ-1-G	0
YS-CTSZ-1-H	0
YS-CTSZ-1-I	0
YS-CTSZ-1-K	3
YS-CTSZ-1-M	0
YS-CTSZ-1-P	0
YS-CTSZ-1-S	3
YS-CTSZ-2-B	0
YS-CTSZ-2-G	0
YS-CTSZ-2-H	1
YS-CTSZ-2-I	0
YS-CTSZ-2-K	3
YS-CTSZ-2-M	0
YS-CTSZ-2-P	1
YS-CTSZ-2-S	5
YS-CTSZ-3-B	1
YS-CTSZ-3-G	1
YS-CTSZ-3-H	0
YS-CTSZ-3-I	1
YS-CTSZ-3-K	2
YS-CTSZ-3-M	0
YS-CTSZ-3-P	1
YS-CTSZ-3-S	3
YS-DHY-1-B	0
YS-DHY-1-G	0
YS-DHY-1-H	0
YS-DHY-1-I	0
YS-DHY-1-K	0
YS-DHY-1-M	0
YS-DHY-1-P	0
YS-DHY-1-S	0
YS-DHY-2-B	1
YS-DHY-2-G	1
YS-DHY-2-H	0
YS-DHY-2-I	0
YS-DHY-2-K	0
YS-DHY-2-M	0
YS-DHY-2-P	0
YS-DHY-2-S	0
YS-DLLY-1-B	1
YS-DLLY-1-G	0
YS-DLLY-1-H	0
YS-DLLY-1-I	0
YS-DLLY-1-K	0
YS-DLLY-1-M	0
YS-DLLY-1-P	0
YS-DLLY-1-S	0
YS-DSLT-1-B	0
YS-DSLT-1-G	0
YS-DSLT-1-H	0
YS-DSLT-1-I	0
YS-DSLT-1-K	0
YS-DSLT-1-M	0
YS-DSLT-1-P	0
YS-DSLT-1-S	0
YS-DSLT-2-B	0
YS-DSLT-2-G	0
YS-DSLT-2-H	0
YS-DSLT-2-I	1
YS-DSLT-2-K	1
YS-DSLT-2-M	1
YS-DSLT-2-P	1
YS-DSLT-2-S	1
YS-DSLT-3-B	0
YS-DSLT-3-G	0
YS-DSLT-3-H	0
YS-DSLT-3-I	0
YS-DSLT-3-K	0
YS-DSLT-3-M	0
YS-DSLT-3-P	1
YS-DSLT-3-S	0
YS-DZTT-1-B	0
YS-DZTT-1-G	0
YS-DZTT-1-H	0
YS-DZTT-1-I	0
YS-DZTT-1-K	0
YS-DZTT-1-M	0
YS-DZTT-1-P	1
YS-DZTT-1-S	0
YS-HBSZ-1-B	0
YS-HBSZ-1-G	0
YS-HBSZ-1-H	0
YS-HBSZ-1-I	0
YS-HBSZ-1-K	0
YS-HBSZ-1-M	0
YS-HBSZ-1-P	0
YS-HBSZ-1-S	0
YS-HBSZ-2-B	0
YS-HBSZ-2-G	0
YS-HBSZ-2-H	1
YS-HBSZ-2-I	4
YS-HBSZ-2-K	1
YS-HBSZ-2-M	0
YS-HBSZ-2-P	0
YS-HBSZ-2-S	0
YS-HBSZ-3-B	0
YS-HBSZ-3-G	0
YS-HBSZ-3-H	0
YS-HBSZ-3-I	1
YS-HBSZ-3-K	0
YS-HBSZ-3-M	0
YS-HBSZ-3-P	0
YS-HBSZ-3-S	0
YS-HJ-1-B	0
YS-HJ-1-G	0
YS-HJ-1-H	0
YS-HJ-1-I	0
YS-HJ-1-K	0
YS-HJ-1-M	0
YS-HJ-1-P	0
YS-HJ-1-S	0
YS-HJ-2-B	0
YS-HJ-2-G	0
YS-HJ-2-H	0
YS-HJ-2-I	0
YS-HJ-2-K	0
YS-HJ-2-M	0
YS-HJ-2-P	0
YS-HJ-2-S	0
YS-HJ-3-B	0
YS-HJ-3-G	0
YS-HJ-3-H	0
YS-HJ-3-I	0
YS-HJ-3-K	0
YS-HJ-3-M	0
YS-HJ-3-P	1
YS-HJ-3-S	0
YS-HJ-4-B	0
YS-HJ-4-G	0
YS-HJ-4-H	0
YS-HJ-4-I	0
YS-HJ-4-K	0
YS-HJ-4-M	0
YS-HJ-4-P	0
YS-HJ-4-S	0
YS-HJ-5-B	0
YS-HJ-5-G	0
YS-HJ-5-H	0
YS-HJ-5-I	0
YS-HJ-5-K	0
YS-HJ-5-M	0
YS-HJ-5-P	0
YS-HJ-5-S	0
YS-HJ-6-B	0
YS-HJ-6-G	0
YS-HJ-6-H	0
YS-HJ-6-I	0
YS-HJ-6-K	0
YS-HJ-6-M	0
YS-HJ-6-P	0
YS-HJ-6-S	0
YS-HKL-1-B	0
YS-HKL-1-G	0
YS-HKL-1-H	0
YS-HKL-1-I	3
YS-HKL-1-K	0
YS-HKL-1-M	0
YS-HKL-1-P	1
YS-HKL-1-S	0
YS-HKL-2-B	0
YS-HKL-2-G	0
YS-HKL-2-H	0
YS-HKL-2-I	1
YS-HKL-2-K	0
YS-HKL-2-M	0
YS-HKL-2-P	0
YS-HKL-2-S	0
YS-HKL-3-B	0
YS-HKL-3-G	0
YS-HKL-3-H	0
YS-HKL-3-I	0
YS-HKL-3-K	0
YS-HKL-3-M	0
YS-HKL-3-P	0
YS-HKL-3-S	0
YS-HM-1-B	0
YS-HM-1-G	1
YS-HM-1-H	0
YS-HM-1-I	0
YS-HM-1-K	1
YS-HM-1-M	1
YS-HM-1-P	1
YS-HM-1-S	0
YS-HM-2-B	1
YS-HM-2-G	1
YS-HM-2-H	0
YS-HM-2-I	0
YS-HM-2-K	0
YS-HM-2-M	1
YS-HM-2-P	1
YS-HM-2-S	1
YS-HM-3-B	0
YS-HM-3-G	1
YS-HM-3-H	0
YS-HM-3-I	0
YS-HM-3-K	0
YS-HM-3-M	1
YS-HM-3-P	1
YS-HM-3-S	0
YS-HM-4-B	0
YS-HM-4-G	1
YS-HM-4-H	1
YS-HM-4-I	1
YS-HM-4-K	1
YS-HM-4-M	1
YS-HM-4-P	1
YS-HM-4-S	1
YS-HSLT-1-B	0
YS-HSLT-1-G	0
YS-HSLT-1-H	0
YS-HSLT-1-I	0
YS-HSLT-1-K	0
YS-HSLT-1-M	0
YS-HSLT-1-P	3
YS-HSLT-1-S	0
YS-HSLT-2-B	0
YS-HSLT-2-G	0
YS-HSLT-2-H	0
YS-HSLT-2-I	0
YS-HSLT-2-K	0
YS-HSLT-2-M	0
YS-HSLT-2-P	0
YS-HSLT-2-S	0
YS-HSLT-3-B	0
YS-HSLT-3-G	0
YS-HSLT-3-H	0
YS-HSLT-3-I	0
YS-HSLT-3-K	0
YS-HSLT-3-M	0
YS-HSLT-3-P	3
YS-HSLT-3-S	0
YS-JSXSD-1-B	0
YS-JSXSD-1-G	0
YS-JSXSD-1-H	0
YS-JSXSD-1-I	0
YS-JSXSD-1-K	0
YS-JSXSD-1-M	0
YS-JSXSD-1-P	1
YS-JSXSD-1-S	0
YS-JSXSD-2-B	0
YS-JSXSD-2-G	0
YS-JSXSD-2-H	1
YS-JSXSD-2-I	1
YS-JSXSD-2-K	1
YS-JSXSD-2-M	1
YS-JSXSD-2-P	1
YS-JSXSD-2-S	1
YS-JSXSD-3-B	0
YS-JSXSD-3-G	0
YS-JSXSD-3-H	0
YS-JSXSD-3-I	0
YS-JSXSD-3-K	0
YS-JSXSD-3-M	0
YS-JSXSD-3-P	1
YS-JSXSD-3-S	0
YS-JTZCS-1-B	0
YS-JTZCS-1-G	1
YS-JTZCS-1-H	1
YS-JTZCS-1-I	2
YS-JTZCS-1-K	1
YS-JTZCS-1-M	1
YS-JTZCS-1-P	1
YS-JTZCS-1-S	1
YS-JXY-1-B	0
YS-JXY-1-G	0
YS-JXY-1-H	0
YS-JXY-1-I	0
YS-JXY-1-K	0
YS-JXY-1-M	0
YS-JXY-1-P	0
YS-JXY-1-S	1
YS-JXY-2-B	0
YS-JXY-2-G	0
YS-JXY-2-H	0
YS-JXY-2-I	0
YS-JXY-2-K	0
YS-JXY-2-M	0
YS-JXY-2-P	0
YS-JXY-2-S	0
YS-JXY-3-B	1
YS-JXY-3-G	1
YS-JXY-3-H	1
YS-JXY-3-I	1
YS-JXY-3-K	1
YS-JXY-3-M	1
YS-JXY-3-P	0
YS-JXY-3-S	1
YS-JZH-1-B	0
YS-JZH-1-G	0
YS-JZH-1-H	0
YS-JZH-1-I	0
YS-JZH-1-K	0
YS-JZH-1-M	0
YS-JZH-1-P	0
YS-JZH-1-S	0
YS-JZH-2-B	0
YS-JZH-2-G	0
YS-JZH-2-H	1
YS-JZH-2-I	0
YS-JZH-2-K	0
YS-JZH-2-M	0
YS-JZH-2-P	0
YS-JZH-2-S	0
YS-JZH-3-B	0
YS-JZH-3-G	0
YS-JZH-3-H	0
YS-JZH-3-I	0
YS-JZH-3-K	0
YS-JZH-3-M	0
YS-JZH-3-P	0
YS-JZH-3-S	0
YS-KSCDXGY-1-B	0
YS-KSCDXGY-1-G	0
YS-KSCDXGY-1-H	0
YS-KSCDXGY-1-I	0
YS-KSCDXGY-1-K	0
YS-KSCDXGY-1-M	0
YS-KSCDXGY-1-P	0
YS-KSCDXGY-1-S	0
YS-KSCDXGY-2-B	0
YS-KSCDXGY-2-G	0
YS-KSCDXGY-2-H	0
YS-KSCDXGY-2-I	0
YS-KSCDXGY-2-K	0
YS-KSCDXGY-2-M	0
YS-KSCDXGY-2-P	0
YS-KSCDXGY-2-S	0
YS-KSCDXGY-3-B	0
YS-KSCDXGY-3-G	0
YS-KSCDXGY-3-H	0
YS-KSCDXGY-3-I	0
YS-KSCDXGY-3-K	0
YS-KSCDXGY-3-M	0
YS-KSCDXGY-3-P	0
YS-KSCDXGY-3-S	0
YS-LBYKF-1-B	0
YS-LBYKF-1-G	0
YS-LBYKF-1-H	1
YS-LBYKF-1-I	0
YS-LBYKF-1-K	0
YS-LBYKF-1-M	0
YS-LBYKF-1-P	0
YS-LBYKF-1-S	0
YS-LBYKF-2-B	0
YS-LBYKF-2-G	0
YS-LBYKF-2-H	0
YS-LBYKF-2-I	1
YS-LBYKF-2-K	0
YS-LBYKF-2-M	0
YS-LBYKF-2-P	0
YS-LBYKF-2-S	0
YS-LBYKF-3-B	0
YS-LBYKF-3-G	0
YS-LBYKF-3-H	1
YS-LBYKF-3-I	0
YS-LBYKF-3-K	0
YS-LBYKF-3-M	0
YS-LBYKF-3-P	0
YS-LBYKF-3-S	0
YS-LTY-1-B	1
YS-LTY-1-G	2
YS-LTY-1-H	1
YS-LTY-1-I	3
YS-LTY-1-K	2
YS-LTY-1-M	1
YS-LTY-1-P	1
YS-LTY-1-S	1
YS-LTY-2-B	0
YS-LTY-2-G	0
YS-LTY-2-H	1
YS-LTY-2-I	1
YS-LTY-2-K	0
YS-LTY-2-M	0
YS-LTY-2-P	0
YS-LTY-2-S	0
YS-LTY-3-B	1
YS-LTY-3-G	1
YS-LTY-3-H	1
YS-LTY-3-I	2
YS-LTY-3-K	1
YS-LTY-3-M	1
YS-LTY-3-P	1
YS-LTY-3-S	2
YS-LY-2-B	0
YS-LY-2-G	0
YS-LY-2-H	0
YS-LY-2-I	1
YS-LY-2-K	0
YS-LY-2-M	0
YS-LY-2-P	0
YS-LY-2-S	0
YS-LY-3-B	0
YS-LY-3-G	0
YS-LY-3-H	0
YS-LY-3-I	0
YS-LY-3-K	0
YS-LY-3-M	0
YS-LY-3-P	0
YS-LY-3-S	0
YS-LYS-3-B	0
YS-LYS-3-G	0
YS-LYS-3-H	0
YS-LYS-3-I	0
YS-LYS-3-K	0
YS-LYS-3-M	0
YS-LYS-3-P	0
YS-LYS-3-S	2
YS-LYXHY-1-B	0
YS-LYXHY-1-G	0
YS-LYXHY-1-H	0
YS-LYXHY-1-I	0
YS-LYXHY-1-K	1
YS-LYXHY-1-M	1
YS-LYXHY-1-P	1
YS-LYXHY-1-S	1
YS-LYXHY-2-B	0
YS-LYXHY-2-G	0
YS-LYXHY-2-H	1
YS-LYXHY-2-I	0
YS-LYXHY-2-K	0
YS-LYXHY-2-M	0
YS-LYXHY-2-P	1
YS-LYXHY-2-S	1
YS-LYXHY-3-B	1
YS-LYXHY-3-G	2
YS-LYXHY-3-H	2
YS-LYXHY-3-I	2
YS-LYXHY-3-K	2
YS-LYXHY-3-M	2
YS-LYXHY-3-P	1
YS-LYXHY-3-S	2
YS-LZMB-1-B	0
YS-LZMB-1-G	0
YS-LZMB-1-H	2
YS-LZMB-1-I	1
YS-LZMB-1-K	1
YS-LZMB-1-M	1
YS-LZMB-1-P	1
YS-LZMB-1-S	0
YS-LZMB-2-B	0
YS-LZMB-2-G	0
YS-LZMB-2-H	0
YS-LZMB-2-I	0
YS-LZMB-2-K	0
YS-LZMB-2-M	0
YS-LZMB-2-P	0
YS-LZMB-2-S	0
YS-LZMB-3-B	0
YS-LZMB-3-G	0
YS-LZMB-3-H	0
YS-LZMB-3-I	3
YS-LZMB-3-K	0
YS-LZMB-3-M	0
YS-LZMB-3-P	0
YS-LZMB-3-S	0
YS-LZY-1-B	0
YS-LZY-1-G	0
YS-LZY-1-H	0
YS-LZY-1-I	0
YS-LZY-1-K	0
YS-LZY-1-M	0
YS-LZY-1-P	0
YS-LZY-1-S	1
YS-LZY-2-B	0
YS-LZY-2-G	0
YS-LZY-2-H	0
YS-LZY-2-I	1
YS-LZY-2-K	0
YS-LZY-2-M	0
YS-LZY-2-P	0
YS-LZY-2-S	1
YS-LZY-3-B	0
YS-LZY-3-G	0
YS-LZY-3-H	0
YS-LZY-3-I	0
YS-LZY-3-K	0
YS-LZY-3-M	0
YS-LZY-3-P	0
YS-LZY-3-S	0
YS-MSXX-1-B	1
YS-MSXX-1-G	1
YS-MSXX-1-H	1
YS-MSXX-1-I	1
YS-MSXX-1-K	0
YS-MSXX-1-M	1
YS-MSXX-1-P	1
YS-MSXX-1-S	1
YS-MSXX-2-B	1
YS-MSXX-2-G	1
YS-MSXX-2-H	1
YS-MSXX-2-I	1
YS-MSXX-2-K	1
YS-MSXX-2-M	0
YS-MSXX-2-P	1
YS-MSXX-2-S	0
YS-MSXX-3-B	1
YS-MSXX-3-G	1
YS-MSXX-3-H	1
YS-MSXX-3-I	2
YS-MSXX-3-K	1
YS-MSXX-3-M	1
YS-MSXX-3-P	1
YS-MSXX-3-S	1
YS-PSJGY-1-B	0
YS-PSJGY-1-G	1
YS-PSJGY-1-H	1
YS-PSJGY-1-I	0
YS-PSJGY-1-K	1
YS-PSJGY-1-M	1
YS-PSJGY-1-P	1
YS-PSJGY-1-S	1
YS-PSJGY-2-B	0
YS-PSJGY-2-G	0
YS-PSJGY-2-H	0
YS-PSJGY-2-I	0
YS-PSJGY-2-K	0
YS-PSJGY-2-M	0
YS-PSJGY-2-P	0
YS-PSJGY-2-S	0
YS-PSJGY-3-B	0
YS-PSJGY-3-G	0
YS-PSJGY-3-H	0
YS-PSJGY-3-I	0
YS-PSJGY-3-K	0
YS-PSJGY-3-M	0
YS-PSJGY-3-P	0
YS-PSJGY-3-S	0
YS-QLXSD-1-B	0
YS-QLXSD-1-G	0
YS-QLXSD-1-H	0
YS-QLXSD-1-I	1
YS-QLXSD-1-K	0
YS-QLXSD-1-M	0
YS-QLXSD-1-P	0
YS-QLXSD-1-S	0
YS-QLXSD-2-B	0
YS-QLXSD-2-G	0
YS-QLXSD-2-H	0
YS-QLXSD-2-I	0
YS-QLXSD-2-K	0
YS-QLXSD-2-M	0
YS-QLXSD-2-P	0
YS-QLXSD-2-S	0
YS-QLXSD-3-B	0
YS-QLXSD-3-G	0
YS-QLXSD-3-H	0
YS-QLXSD-3-I	1
YS-QLXSD-3-K	0
YS-QLXSD-3-M	0
YS-QLXSD-3-P	0
YS-QLXSD-3-S	0
YS-QXDDY-1-B	0
YS-QXDDY-1-G	0
YS-QXDDY-1-H	0
YS-QXDDY-1-I	1
YS-QXDDY-1-K	0
YS-QXDDY-1-M	0
YS-QXDDY-1-P	0
YS-QXDDY-1-S	1
YS-QXDDY-2-B	0
YS-QXDDY-2-G	0
YS-QXDDY-2-H	0
YS-QXDDY-2-I	5
YS-QXDDY-2-K	0
YS-QXDDY-2-M	0
YS-QXDDY-2-P	0
YS-QXDDY-2-S	0
YS-QXDDY-3-B	1
YS-QXDDY-3-G	2
YS-QXDDY-3-H	1
YS-QXDDY-3-I	0
YS-QXDDY-3-K	1
YS-QXDDY-3-M	2
YS-QXDDY-3-P	1
YS-QXDDY-3-S	3
YS-RBJXY-1-B	0
YS-RBJXY-1-G	0
YS-RBJXY-1-H	0
YS-RBJXY-1-I	1
YS-RBJXY-1-K	0
YS-RBJXY-1-M	0
YS-RBJXY-1-P	0
YS-RBJXY-1-S	0
YS-RBJXY-2-B	0
YS-RBJXY-2-G	0
YS-RBJXY-2-H	0
YS-RBJXY-2-I	0
YS-RBJXY-2-K	0
YS-RBJXY-2-M	0
YS-RBJXY-2-P	0
YS-RBJXY-2-S	0
YS-RBJXY-3-B	0
YS-RBJXY-3-G	0
YS-RBJXY-3-H	0
YS-RBJXY-3-I	0
YS-RBJXY-3-K	0
YS-RBJXY-3-M	0
YS-RBJXY-3-P	0
YS-RBJXY-3-S	0
YS-RWXLT-1-B	0
YS-RWXLT-1-G	1
YS-RWXLT-1-H	0
YS-RWXLT-1-I	1
YS-RWXLT-1-K	0
YS-RWXLT-1-M	0
YS-RWXLT-1-P	5
YS-RWXLT-1-S	3
YS-RWXLT-2-B	1
YS-RWXLT-2-G	0
YS-RWXLT-2-H	0
YS-RWXLT-2-I	3
YS-RWXLT-2-K	0
YS-RWXLT-2-M	0
YS-RWXLT-2-P	2
YS-RWXLT-2-S	2
YS-RWXLT-3-B	0
YS-RWXLT-3-G	0
YS-RWXLT-3-H	0
YS-RWXLT-3-I	4
YS-RWXLT-3-K	0
YS-RWXLT-3-M	0
YS-RWXLT-3-P	0
YS-RWXLT-3-S	1
YS-SDYY-1-B	0
YS-SDYY-1-G	1
YS-SDYY-1-H	0
YS-SDYY-1-I	3
YS-SDYY-1-K	1
YS-SDYY-1-M	0
YS-SDYY-1-P	0
YS-SDYY-1-S	1
YS-SDYY-2-B	0
YS-SDYY-2-G	0
YS-SDYY-2-H	0
YS-SDYY-2-I	2
YS-SDYY-2-K	0
YS-SDYY-2-M	0
YS-SDYY-2-P	0
YS-SDYY-2-S	0
YS-SDYY-3-B	0
YS-SDYY-3-G	0
YS-SDYY-3-H	0
YS-SDYY-3-I	0
YS-SDYY-3-K	0
YS-SDYY-3-M	0
YS-SDYY-3-P	0
YS-SDYY-3-S	0
YS-SLS-2-B	0
YS-SLS-2-G	0
YS-SLS-2-H	0
YS-SLS-2-I	0
YS-SLS-2-K	0
YS-SLS-2-M	0
YS-SLS-2-P	0
YS-SLS-2-S	0
YS-SLS-3-B	0
YS-SLS-3-G	0
YS-SLS-3-H	0
YS-SLS-3-I	0
YS-SLS-3-K	0
YS-SLS-3-M	0
YS-SLS-3-P	0
YS-SLS-3-S	0
YS-SQHN-1-B	0
YS-SQHN-1-G	1
YS-SQHN-1-H	1
YS-SQHN-1-I	1
YS-SQHN-1-K	0
YS-SQHN-1-M	0
YS-SQHN-1-P	1
YS-SQHN-1-S	0
YS-SQHN-2-B	1
YS-SQHN-2-G	0
YS-SQHN-2-H	1
YS-SQHN-2-I	1
YS-SQHN-2-K	1
YS-SQHN-2-M	1
YS-SQHN-2-P	0
YS-SQHN-2-S	1
YS-SQHN-3-B	0
YS-SQHN-3-G	0
YS-SQHN-3-H	0
YS-SQHN-3-I	0
YS-SQHN-3-K	0
YS-SQHN-3-M	0
YS-SQHN-3-P	0
YS-SQHN-3-S	0
YS-SZMB-1-B	0
YS-SZMB-1-G	1
YS-SZMB-1-H	0
YS-SZMB-1-I	3
YS-SZMB-1-K	1
YS-SZMB-1-M	0
YS-SZMB-1-P	0
YS-SZMB-1-S	1
YS-Y-1-B	1
YS-Y-1-G	0
YS-Y-1-H	0
YS-Y-1-I	0
YS-Y-1-K	0
YS-Y-1-M	0
YS-Y-1-P	0
YS-Y-1-S	0
YS-Y-2-B	0
YS-Y-2-G	0
YS-Y-2-H	2
YS-Y-2-I	0
YS-Y-2-K	0
YS-Y-2-M	1
YS-Y-2-P	0
YS-Y-2-S	1
YS-YC-3-B	0
YS-YC-3-G	0
YS-YC-3-H	0
YS-YC-3-I	0
YS-YC-3-K	0
YS-YC-3-M	0
YS-YC-3-P	0
YS-YC-3-S	0
YS-Z-1-B	0
YS-Z-1-G	0
YS-Z-1-H	0
YS-Z-1-I	0
YS-Z-1-K	0
YS-Z-1-M	0
YS-Z-1-P	1
YS-Z-1-S	0
YS-Z-2-B	0
YS-Z-2-G	0
YS-Z-2-H	0
YS-Z-2-I	0
YS-Z-2-K	0
YS-Z-2-M	1
YS-Z-2-P	0
YS-Z-2-S	0
YS-Z-3-B	0
YS-Z-3-G	0
YS-Z-3-H	0
YS-Z-3-I	0
YS-Z-3-K	0
YS-Z-3-M	0
YS-Z-3-P	0
YS-Z-3-S	0
YS-ZBTTT-1-B	0
YS-ZBTTT-1-G	0
YS-ZBTTT-1-H	0
YS-ZBTTT-1-I	2
YS-ZBTTT-1-K	0
YS-ZBTTT-1-M	0
YS-ZBTTT-1-P	1
YS-ZBTTT-1-S	1
YS-ZBTTT-2-B	0
YS-ZBTTT-2-G	0
YS-ZBTTT-2-H	0
YS-ZBTTT-2-I	0
YS-ZBTTT-2-K	0
YS-ZBTTT-2-M	0
YS-ZBTTT-2-P	0
YS-ZBTTT-2-S	0
YS-ZBTTT-3-B	0
YS-ZBTTT-3-G	0
YS-ZBTTT-3-H	0
YS-ZBTTT-3-I	3
YS-ZBTTT-3-K	1
YS-ZBTTT-3-M	0
YS-ZBTTT-3-P	0
YS-ZBTTT-3-S	0
YS-ZY-1-B	0
YS-ZY-1-G	0
YS-ZY-1-H	0
YS-ZY-1-I	0
YS-ZY-1-K	0
YS-ZY-1-M	0
YS-ZY-1-P	0
YS-ZY-1-S	0
